abli,"Regular Event"
abli,"Regular Event"
abli,"Special Event"
abli,"Regular Event"
abli,"Regular Event"
abli,"Regular Event"
abli,"Regular Event"
abli,"Special Event"
abli,"Regular Event"
abli,"Regular Event"
acad,"Regular Event"
acad,"Regular Event"
acad,"Special Event"
acad,"Regular Event"
acad,"Regular Event"
acad,"Regular Event"
acad,"Regular Event"
acad,"Special Event"
acad,"Regular Event"
acad,"Regular Event"
adam,"Regular Event"
adam,"Regular Event"
adam,"Special Event"
adam,"Regular Event"
adam,"Regular Event"
adam,"Regular Event"
adam,"Regular Event"
adam,"Special Event"
adam,"Regular Event"
adam,"Regular Event"
afam,"Regular Event"
afam,"Regular Event"
afam,"Special Event"
afam,"Regular Event"
afam,"Regular Event"
afam,"Regular Event"
afam,"Regular Event"
afam,"Special Event"
afam,"Regular Event"
afam,"Regular Event"
afbg,"Regular Event"
afbg,"Regular Event"
afbg,"Special Event"
afbg,"Regular Event"
afbg,"Regular Event"
afbg,"Regular Event"
afbg,"Regular Event"
afbg,"Special Event"
afbg,"Regular Event"
afbg,"Regular Event"
agfo,"Regular Event"
agfo,"Regular Event"
agfo,"Special Event"
agfo,"Regular Event"
agfo,"Regular Event"
agfo,"Regular Event"
agfo,"Regular Event"
agfo,"Special Event"
agfo,"Regular Event"
agfo,"Regular Event"
alka,"Regular Event"
alka,"Regular Event"
alka,"Special Event"
alka,"Regular Event"
alka,"Regular Event"
alka,"Regular Event"
alka,"Regular Event"
alka,"Special Event"
alka,"Regular Event"
alka,"Regular Event"
alag,"Regular Event"
alag,"Regular Event"
alag,"Special Event"
alag,"Regular Event"
alag,"Regular Event"
alag,"Regular Event"
alag,"Regular Event"
alag,"Special Event"
alag,"Regular Event"
alag,"Regular Event"
anch,"Regular Event"
anch,"Regular Event"
anch,"Special Event"
anch,"Regular Event"
anch,"Regular Event"
anch,"Regular Event"
anch,"Regular Event"
anch,"Special Event"
anch,"Regular Event"
anch,"Regular Event"
alca,"Regular Event"
alca,"Regular Event"
alca,"Special Event"
alca,"Regular Event"
alca,"Regular Event"
alca,"Regular Event"
alca,"Regular Event"
alca,"Special Event"
alca,"Regular Event"
alca,"Regular Event"
aleu,"Regular Event"
aleu,"Regular Event"
aleu,"Special Event"
aleu,"Regular Event"
aleu,"Regular Event"
aleu,"Regular Event"
aleu,"Regular Event"
aleu,"Special Event"
aleu,"Regular Event"
aleu,"Regular Event"
alfl,"Regular Event"
alfl,"Regular Event"
alfl,"Special Event"
alfl,"Regular Event"
alfl,"Regular Event"
alfl,"Regular Event"
alfl,"Regular Event"
alfl,"Special Event"
alfl,"Regular Event"
alfl,"Regular Event"
alpo,"Regular Event"
alpo,"Regular Event"
alpo,"Special Event"
alpo,"Regular Event"
alpo,"Regular Event"
alpo,"Regular Event"
alpo,"Regular Event"
alpo,"Special Event"
alpo,"Regular Event"
alpo,"Regular Event"
amch,"Regular Event"
amch,"Regular Event"
amch,"Special Event"
amch,"Regular Event"
amch,"Regular Event"
amch,"Regular Event"
amch,"Regular Event"
amch,"Special Event"
amch,"Regular Event"
amch,"Regular Event"
amme,"Regular Event"
amme,"Regular Event"
amme,"Special Event"
amme,"Regular Event"
amme,"Regular Event"
amme,"Regular Event"
amme,"Regular Event"
amme,"Special Event"
amme,"Regular Event"
amme,"Regular Event"
amis,"Regular Event"
amis,"Regular Event"
amis,"Special Event"
amis,"Regular Event"
amis,"Regular Event"
amis,"Regular Event"
amis,"Regular Event"
amis,"Special Event"
amis,"Regular Event"
amis,"Regular Event"
anac,"Regular Event"
anac,"Regular Event"
anac,"Special Event"
anac,"Regular Event"
anac,"Regular Event"
anac,"Regular Event"
anac,"Regular Event"
anac,"Special Event"
anac,"Regular Event"
anac,"Regular Event"
ande,"Regular Event"
ande,"Regular Event"
ande,"Special Event"
ande,"Regular Event"
ande,"Regular Event"
ande,"Regular Event"
ande,"Regular Event"
ande,"Special Event"
ande,"Regular Event"
ande,"Regular Event"
anjo,"Regular Event"
anjo,"Regular Event"
anjo,"Special Event"
anjo,"Regular Event"
anjo,"Regular Event"
anjo,"Regular Event"
anjo,"Regular Event"
anjo,"Special Event"
anjo,"Regular Event"
anjo,"Regular Event"
ania,"Regular Event"
ania,"Regular Event"
ania,"Special Event"
ania,"Regular Event"
ania,"Regular Event"
ania,"Regular Event"
ania,"Regular Event"
ania,"Special Event"
ania,"Regular Event"
ania,"Regular Event"
anti,"Regular Event"
anti,"Regular Event"
anti,"Special Event"
anti,"Regular Event"
anti,"Regular Event"
anti,"Regular Event"
anti,"Regular Event"
anti,"Special Event"
anti,"Regular Event"
anti,"Regular Event"
apis,"Regular Event"
apis,"Regular Event"
apis,"Special Event"
apis,"Regular Event"
apis,"Regular Event"
apis,"Regular Event"
apis,"Regular Event"
apis,"Special Event"
apis,"Regular Event"
apis,"Regular Event"
appa,"Regular Event"
appa,"Regular Event"
appa,"Special Event"
appa,"Regular Event"
appa,"Regular Event"
appa,"Regular Event"
appa,"Regular Event"
appa,"Special Event"
appa,"Regular Event"
appa,"Regular Event"
apco,"Regular Event"
apco,"Regular Event"
apco,"Special Event"
apco,"Regular Event"
apco,"Regular Event"
apco,"Regular Event"
apco,"Regular Event"
apco,"Special Event"
apco,"Regular Event"
apco,"Regular Event"
arch,"Regular Event"
arch,"Regular Event"
arch,"Special Event"
arch,"Regular Event"
arch,"Regular Event"
arch,"Regular Event"
arch,"Regular Event"
arch,"Special Event"
arch,"Regular Event"
arch,"Regular Event"
arpo,"Regular Event"
arpo,"Regular Event"
arpo,"Special Event"
arpo,"Regular Event"
arpo,"Regular Event"
arpo,"Regular Event"
arpo,"Regular Event"
arpo,"Special Event"
arpo,"Regular Event"
arpo,"Regular Event"
arho,"Regular Event"
arho,"Regular Event"
arho,"Special Event"
arho,"Regular Event"
arho,"Regular Event"
arho,"Regular Event"
arho,"Regular Event"
arho,"Special Event"
arho,"Regular Event"
arho,"Regular Event"
asis,"Regular Event"
asis,"Regular Event"
asis,"Special Event"
asis,"Regular Event"
asis,"Regular Event"
asis,"Regular Event"
asis,"Regular Event"
asis,"Special Event"
asis,"Regular Event"
asis,"Regular Event"
azru,"Regular Event"
azru,"Regular Event"
azru,"Special Event"
azru,"Regular Event"
azru,"Regular Event"
azru,"Regular Event"
azru,"Regular Event"
azru,"Special Event"
azru,"Regular Event"
azru,"Regular Event"
badl,"Regular Event"
badl,"Regular Event"
badl,"Special Event"
badl,"Regular Event"
badl,"Regular Event"
badl,"Regular Event"
badl,"Regular Event"
badl,"Special Event"
badl,"Regular Event"
badl,"Regular Event"
bawa,"Regular Event"
bawa,"Regular Event"
bawa,"Special Event"
bawa,"Regular Event"
bawa,"Regular Event"
bawa,"Regular Event"
bawa,"Regular Event"
bawa,"Special Event"
bawa,"Regular Event"
bawa,"Regular Event"
band,"Regular Event"
band,"Regular Event"
band,"Special Event"
band,"Regular Event"
band,"Regular Event"
band,"Regular Event"
band,"Regular Event"
band,"Special Event"
band,"Regular Event"
band,"Regular Event"
bepa,"Regular Event"
bepa,"Regular Event"
bepa,"Special Event"
bepa,"Regular Event"
bepa,"Regular Event"
bepa,"Regular Event"
bepa,"Regular Event"
bepa,"Special Event"
bepa,"Regular Event"
bepa,"Regular Event"
beol,"Regular Event"
beol,"Regular Event"
beol,"Special Event"
beol,"Regular Event"
beol,"Regular Event"
beol,"Regular Event"
beol,"Regular Event"
beol,"Special Event"
beol,"Regular Event"
beol,"Regular Event"
bela,"Regular Event"
bela,"Regular Event"
bela,"Special Event"
bela,"Regular Event"
bela,"Regular Event"
bela,"Regular Event"
bela,"Regular Event"
bela,"Special Event"
bela,"Regular Event"
bela,"Regular Event"
bibe,"Regular Event"
bibe,"Regular Event"
bibe,"Special Event"
bibe,"Regular Event"
bibe,"Regular Event"
bibe,"Regular Event"
bibe,"Regular Event"
bibe,"Special Event"
bibe,"Regular Event"
bibe,"Regular Event"
bicy,"Regular Event"
bicy,"Regular Event"
bicy,"Special Event"
bicy,"Regular Event"
bicy,"Regular Event"
bicy,"Regular Event"
bicy,"Regular Event"
bicy,"Special Event"
bicy,"Regular Event"
bicy,"Regular Event"
biho,"Regular Event"
biho,"Regular Event"
biho,"Special Event"
biho,"Regular Event"
biho,"Regular Event"
biho,"Regular Event"
biho,"Regular Event"
biho,"Special Event"
biho,"Regular Event"
biho,"Regular Event"
biso,"Regular Event"
biso,"Regular Event"
biso,"Special Event"
biso,"Regular Event"
biso,"Regular Event"
biso,"Regular Event"
biso,"Regular Event"
biso,"Special Event"
biso,"Regular Event"
biso,"Regular Event"
bith,"Regular Event"
bith,"Regular Event"
bith,"Special Event"
bith,"Regular Event"
bith,"Regular Event"
bith,"Regular Event"
bith,"Regular Event"
bith,"Special Event"
bith,"Regular Event"
bith,"Regular Event"
bica,"Regular Event"
bica,"Regular Event"
bica,"Special Event"
bica,"Regular Event"
bica,"Regular Event"
bica,"Regular Event"
bica,"Regular Event"
bica,"Special Event"
bica,"Regular Event"
bica,"Regular Event"
bicr,"Regular Event"
bicr,"Regular Event"
bicr,"Special Event"
bicr,"Regular Event"
bicr,"Regular Event"
bicr,"Regular Event"
bicr,"Regular Event"
bicr,"Special Event"
bicr,"Regular Event"
bicr,"Regular Event"
bisc,"Regular Event"
bisc,"Regular Event"
bisc,"Special Event"
bisc,"Regular Event"
bisc,"Regular Event"
bisc,"Regular Event"
bisc,"Regular Event"
bisc,"Special Event"
bisc,"Regular Event"
bisc,"Regular Event"
blca,"Regular Event"
blca,"Regular Event"
blca,"Special Event"
blca,"Regular Event"
blca,"Regular Event"
blca,"Regular Event"
blca,"Regular Event"
blca,"Special Event"
blca,"Regular Event"
blca,"Regular Event"
blrv,"Regular Event"
blrv,"Regular Event"
blrv,"Special Event"
blrv,"Regular Event"
blrv,"Regular Event"
blrv,"Regular Event"
blrv,"Regular Event"
blrv,"Special Event"
blrv,"Regular Event"
blrv,"Regular Event"
blsc,"Regular Event"
blsc,"Regular Event"
blsc,"Special Event"
blsc,"Regular Event"
blsc,"Regular Event"
blsc,"Regular Event"
blsc,"Regular Event"
blsc,"Special Event"
blsc,"Regular Event"
blsc,"Regular Event"
blri,"Regular Event"
blri,"Regular Event"
blri,"Special Event"
blri,"Regular Event"
blri,"Regular Event"
blri,"Regular Event"
blri,"Regular Event"
blri,"Special Event"
blri,"Regular Event"
blri,"Regular Event"
blue,"Regular Event"
blue,"Regular Event"
blue,"Special Event"
blue,"Regular Event"
blue,"Regular Event"
blue,"Regular Event"
blue,"Regular Event"
blue,"Special Event"
blue,"Regular Event"
blue,"Regular Event"
bowa,"Regular Event"
bowa,"Regular Event"
bowa,"Special Event"
bowa,"Regular Event"
bowa,"Regular Event"
bowa,"Regular Event"
bowa,"Regular Event"
bowa,"Special Event"
bowa,"Regular Event"
bowa,"Regular Event"
boaf,"Regular Event"
boaf,"Regular Event"
boaf,"Special Event"
boaf,"Regular Event"
boaf,"Regular Event"
boaf,"Regular Event"
boaf,"Regular Event"
boaf,"Special Event"
boaf,"Regular Event"
boaf,"Regular Event"
boha,"Regular Event"
boha,"Regular Event"
boha,"Special Event"
boha,"Regular Event"
boha,"Regular Event"
boha,"Regular Event"
boha,"Regular Event"
boha,"Special Event"
boha,"Regular Event"
boha,"Regular Event"
bost,"Regular Event"
bost,"Regular Event"
bost,"Special Event"
bost,"Regular Event"
bost,"Regular Event"
bost,"Regular Event"
bost,"Regular Event"
bost,"Special Event"
bost,"Regular Event"
bost,"Regular Event"
brcr,"Regular Event"
brcr,"Regular Event"
brcr,"Special Event"
brcr,"Regular Event"
brcr,"Regular Event"
brcr,"Regular Event"
brcr,"Regular Event"
brcr,"Special Event"
brcr,"Regular Event"
brcr,"Regular Event"
brvb,"Regular Event"
brvb,"Regular Event"
brvb,"Special Event"
brvb,"Regular Event"
brvb,"Regular Event"
brvb,"Regular Event"
brvb,"Regular Event"
brvb,"Special Event"
brvb,"Regular Event"
brvb,"Regular Event"
brca,"Regular Event"
brca,"Regular Event"
brca,"Special Event"
brca,"Regular Event"
brca,"Regular Event"
brca,"Regular Event"
brca,"Regular Event"
brca,"Special Event"
brca,"Regular Event"
brca,"Regular Event"
buis,"Regular Event"
buis,"Regular Event"
buis,"Special Event"
buis,"Regular Event"
buis,"Regular Event"
buis,"Regular Event"
buis,"Regular Event"
buis,"Special Event"
buis,"Regular Event"
buis,"Regular Event"
buff,"Regular Event"
buff,"Regular Event"
buff,"Special Event"
buff,"Regular Event"
buff,"Regular Event"
buff,"Regular Event"
buff,"Regular Event"
buff,"Special Event"
buff,"Regular Event"
buff,"Regular Event"
buov,"Regular Event"
buov,"Regular Event"
buov,"Special Event"
buov,"Regular Event"
buov,"Regular Event"
buov,"Regular Event"
buov,"Regular Event"
buov,"Special Event"
buov,"Regular Event"
buov,"Regular Event"
cabr,"Regular Event"
cabr,"Regular Event"
cabr,"Special Event"
cabr,"Regular Event"
cabr,"Regular Event"
cabr,"Regular Event"
cabr,"Regular Event"
cabr,"Special Event"
cabr,"Regular Event"
cabr,"Regular Event"
cali,"Regular Event"
cali,"Regular Event"
cali,"Special Event"
cali,"Regular Event"
cali,"Regular Event"
cali,"Regular Event"
cali,"Regular Event"
cali,"Special Event"
cali,"Regular Event"
cali,"Regular Event"
cane,"Regular Event"
cane,"Regular Event"
cane,"Special Event"
cane,"Regular Event"
cane,"Regular Event"
cane,"Regular Event"
cane,"Regular Event"
cane,"Special Event"
cane,"Regular Event"
cane,"Regular Event"
cana,"Regular Event"
cana,"Regular Event"
cana,"Special Event"
cana,"Regular Event"
cana,"Regular Event"
cana,"Regular Event"
cana,"Regular Event"
cana,"Special Event"
cana,"Regular Event"
cana,"Regular Event"
cari,"Regular Event"
cari,"Regular Event"
cari,"Special Event"
cari,"Regular Event"
cari,"Regular Event"
cari,"Regular Event"
cari,"Regular Event"
cari,"Special Event"
cari,"Regular Event"
cari,"Regular Event"
cach,"Regular Event"
cach,"Regular Event"
cach,"Special Event"
cach,"Regular Event"
cach,"Regular Event"
cach,"Regular Event"
cach,"Regular Event"
cach,"Special Event"
cach,"Regular Event"
cach,"Regular Event"
cany,"Regular Event"
cany,"Regular Event"
cany,"Special Event"
cany,"Regular Event"
cany,"Regular Event"
cany,"Regular Event"
cany,"Regular Event"
cany,"Special Event"
cany,"Regular Event"
cany,"Regular Event"
caco,"Regular Event"
caco,"Regular Event"
caco,"Special Event"
caco,"Regular Event"
caco,"Regular Event"
caco,"Regular Event"
caco,"Regular Event"
caco,"Special Event"
caco,"Regular Event"
caco,"Regular Event"
caha,"Regular Event"
caha,"Regular Event"
caha,"Special Event"
caha,"Regular Event"
caha,"Regular Event"
caha,"Regular Event"
caha,"Regular Event"
caha,"Special Event"
caha,"Regular Event"
caha,"Regular Event"
came,"Regular Event"
came,"Regular Event"
came,"Special Event"
came,"Regular Event"
came,"Regular Event"
came,"Regular Event"
came,"Regular Event"
came,"Special Event"
came,"Regular Event"
came,"Regular Event"
cakr,"Regular Event"
cakr,"Regular Event"
cakr,"Special Event"
cakr,"Regular Event"
cakr,"Regular Event"
cakr,"Regular Event"
cakr,"Regular Event"
cakr,"Special Event"
cakr,"Regular Event"
cakr,"Regular Event"
calo,"Regular Event"
calo,"Regular Event"
calo,"Special Event"
calo,"Regular Event"
calo,"Regular Event"
calo,"Regular Event"
calo,"Regular Event"
calo,"Special Event"
calo,"Regular Event"
calo,"Regular Event"
cahi,"Regular Event"
cahi,"Regular Event"
cahi,"Special Event"
cahi,"Regular Event"
cahi,"Regular Event"
cahi,"Regular Event"
cahi,"Regular Event"
cahi,"Special Event"
cahi,"Regular Event"
cahi,"Regular Event"
care,"Regular Event"
care,"Regular Event"
care,"Special Event"
care,"Regular Event"
care,"Regular Event"
care,"Regular Event"
care,"Regular Event"
care,"Special Event"
care,"Regular Event"
care,"Regular Event"
cajo,"Regular Event"
cajo,"Regular Event"
cajo,"Special Event"
cajo,"Regular Event"
cajo,"Regular Event"
cajo,"Regular Event"
cajo,"Regular Event"
cajo,"Special Event"
cajo,"Regular Event"
cajo,"Regular Event"
cavo,"Regular Event"
cavo,"Regular Event"
cavo,"Special Event"
cavo,"Regular Event"
cavo,"Regular Event"
cavo,"Regular Event"
cavo,"Regular Event"
cavo,"Special Event"
cavo,"Regular Event"
cavo,"Regular Event"
carl,"Regular Event"
carl,"Regular Event"
carl,"Special Event"
carl,"Regular Event"
carl,"Regular Event"
carl,"Regular Event"
carl,"Regular Event"
carl,"Special Event"
carl,"Regular Event"
carl,"Regular Event"
cave,"Regular Event"
cave,"Regular Event"
cave,"Special Event"
cave,"Regular Event"
cave,"Regular Event"
cave,"Regular Event"
cave,"Regular Event"
cave,"Special Event"
cave,"Regular Event"
cave,"Regular Event"
cawo,"Regular Event"
cawo,"Regular Event"
cawo,"Special Event"
cawo,"Regular Event"
cawo,"Regular Event"
cawo,"Regular Event"
cawo,"Regular Event"
cawo,"Special Event"
cawo,"Regular Event"
cawo,"Regular Event"
cagr,"Regular Event"
cagr,"Regular Event"
cagr,"Special Event"
cagr,"Regular Event"
cagr,"Regular Event"
cagr,"Regular Event"
cagr,"Regular Event"
cagr,"Special Event"
cagr,"Regular Event"
cagr,"Regular Event"
casa,"Regular Event"
casa,"Regular Event"
casa,"Special Event"
casa,"Regular Event"
casa,"Regular Event"
casa,"Regular Event"
casa,"Regular Event"
casa,"Special Event"
casa,"Regular Event"
casa,"Regular Event"
cacl,"Regular Event"
cacl,"Regular Event"
cacl,"Special Event"
cacl,"Regular Event"
cacl,"Regular Event"
cacl,"Regular Event"
cacl,"Regular Event"
cacl,"Special Event"
cacl,"Regular Event"
cacl,"Regular Event"
camo,"Regular Event"
camo,"Regular Event"
camo,"Special Event"
camo,"Regular Event"
camo,"Regular Event"
camo,"Regular Event"
camo,"Regular Event"
camo,"Special Event"
camo,"Regular Event"
camo,"Regular Event"
cato,"Regular Event"
cato,"Regular Event"
cato,"Special Event"
cato,"Regular Event"
cato,"Regular Event"
cato,"Regular Event"
cato,"Regular Event"
cato,"Special Event"
cato,"Regular Event"
cato,"Regular Event"
cebr,"Regular Event"
cebr,"Regular Event"
cebr,"Special Event"
cebr,"Regular Event"
cebr,"Regular Event"
cebr,"Regular Event"
cebr,"Regular Event"
cebr,"Special Event"
cebr,"Regular Event"
cebr,"Regular Event"
cebe,"Regular Event"
cebe,"Regular Event"
cebe,"Special Event"
cebe,"Regular Event"
cebe,"Regular Event"
cebe,"Regular Event"
cebe,"Regular Event"
cebe,"Special Event"
cebe,"Regular Event"
cebe,"Regular Event"
chcu,"Regular Event"
chcu,"Regular Event"
chcu,"Special Event"
chcu,"Regular Event"
chcu,"Regular Event"
chcu,"Regular Event"
chcu,"Regular Event"
chcu,"Special Event"
chcu,"Regular Event"
chcu,"Regular Event"
cham,"Regular Event"
cham,"Regular Event"
cham,"Special Event"
cham,"Regular Event"
cham,"Regular Event"
cham,"Regular Event"
cham,"Regular Event"
cham,"Special Event"
cham,"Regular Event"
cham,"Regular Event"
chis,"Regular Event"
chis,"Regular Event"
chis,"Special Event"
chis,"Regular Event"
chis,"Regular Event"
chis,"Regular Event"
chis,"Regular Event"
chis,"Special Event"
chis,"Regular Event"
chis,"Regular Event"
chpi,"Regular Event"
chpi,"Regular Event"
chpi,"Special Event"
chpi,"Regular Event"
chpi,"Regular Event"
chpi,"Regular Event"
chpi,"Regular Event"
chpi,"Special Event"
chpi,"Regular Event"
chpi,"Regular Event"
chyo,"Regular Event"
chyo,"Regular Event"
chyo,"Special Event"
chyo,"Regular Event"
chyo,"Regular Event"
chyo,"Regular Event"
chyo,"Regular Event"
chyo,"Special Event"
chyo,"Regular Event"
chyo,"Regular Event"
chat,"Regular Event"
chat,"Regular Event"
chat,"Special Event"
chat,"Regular Event"
chat,"Regular Event"
chat,"Regular Event"
chat,"Regular Event"
chat,"Special Event"
chat,"Regular Event"
chat,"Regular Event"
choh,"Regular Event"
choh,"Regular Event"
choh,"Special Event"
choh,"Regular Event"
choh,"Regular Event"
choh,"Regular Event"
choh,"Regular Event"
choh,"Special Event"
choh,"Regular Event"
choh,"Regular Event"
cbpo,"Regular Event"
cbpo,"Regular Event"
cbpo,"Special Event"
cbpo,"Regular Event"
cbpo,"Regular Event"
cbpo,"Regular Event"
cbpo,"Regular Event"
cbpo,"Special Event"
cbpo,"Regular Event"
cbpo,"Regular Event"
chch,"Regular Event"
chch,"Regular Event"
chch,"Special Event"
chch,"Regular Event"
chch,"Regular Event"
chch,"Regular Event"
chch,"Regular Event"
chch,"Special Event"
chch,"Regular Event"
chch,"Regular Event"
chic,"Regular Event"
chic,"Regular Event"
chic,"Special Event"
chic,"Regular Event"
chic,"Regular Event"
chic,"Regular Event"
chic,"Regular Event"
chic,"Special Event"
chic,"Regular Event"
chic,"Regular Event"
chir,"Regular Event"
chir,"Regular Event"
chir,"Special Event"
chir,"Regular Event"
chir,"Regular Event"
chir,"Regular Event"
chir,"Regular Event"
chir,"Special Event"
chir,"Regular Event"
chir,"Regular Event"
chri,"Regular Event"
chri,"Regular Event"
chri,"Special Event"
chri,"Regular Event"
chri,"Regular Event"
chri,"Regular Event"
chri,"Regular Event"
chri,"Special Event"
chri,"Regular Event"
chri,"Regular Event"
ciro,"Regular Event"
ciro,"Regular Event"
ciro,"Special Event"
ciro,"Regular Event"
ciro,"Regular Event"
ciro,"Regular Event"
ciro,"Regular Event"
ciro,"Special Event"
ciro,"Regular Event"
ciro,"Regular Event"
cwdw,"Regular Event"
cwdw,"Regular Event"
cwdw,"Special Event"
cwdw,"Regular Event"
cwdw,"Regular Event"
cwdw,"Regular Event"
cwdw,"Regular Event"
cwdw,"Special Event"
cwdw,"Regular Event"
cwdw,"Regular Event"
clba,"Regular Event"
clba,"Regular Event"
clba,"Special Event"
clba,"Regular Event"
clba,"Regular Event"
clba,"Regular Event"
clba,"Regular Event"
clba,"Special Event"
clba,"Regular Event"
clba,"Regular Event"
colo,"Regular Event"
colo,"Regular Event"
colo,"Special Event"
colo,"Regular Event"
colo,"Regular Event"
colo,"Regular Event"
colo,"Regular Event"
colo,"Special Event"
colo,"Regular Event"
colo,"Regular Event"
colm,"Regular Event"
colm,"Regular Event"
colm,"Special Event"
colm,"Regular Event"
colm,"Regular Event"
colm,"Regular Event"
colm,"Regular Event"
colm,"Special Event"
colm,"Regular Event"
colm,"Regular Event"
colt,"Regular Event"
colt,"Regular Event"
colt,"Special Event"
colt,"Regular Event"
colt,"Regular Event"
colt,"Regular Event"
colt,"Regular Event"
colt,"Special Event"
colt,"Regular Event"
colt,"Regular Event"
cong,"Regular Event"
cong,"Regular Event"
cong,"Special Event"
cong,"Regular Event"
cong,"Regular Event"
cong,"Regular Event"
cong,"Regular Event"
cong,"Special Event"
cong,"Regular Event"
cong,"Regular Event"
coga,"Regular Event"
coga,"Regular Event"
coga,"Special Event"
coga,"Regular Event"
coga,"Regular Event"
coga,"Regular Event"
coga,"Regular Event"
coga,"Special Event"
coga,"Regular Event"
coga,"Regular Event"
coro,"Regular Event"
coro,"Regular Event"
coro,"Special Event"
coro,"Regular Event"
coro,"Regular Event"
coro,"Regular Event"
coro,"Regular Event"
coro,"Special Event"
coro,"Regular Event"
coro,"Regular Event"
cowp,"Regular Event"
cowp,"Regular Event"
cowp,"Special Event"
cowp,"Regular Event"
cowp,"Regular Event"
cowp,"Regular Event"
cowp,"Regular Event"
cowp,"Special Event"
cowp,"Regular Event"
cowp,"Regular Event"
crla,"Regular Event"
crla,"Regular Event"
crla,"Special Event"
crla,"Regular Event"
crla,"Regular Event"
crla,"Regular Event"
crla,"Regular Event"
crla,"Special Event"
crla,"Regular Event"
crla,"Regular Event"
crmo,"Regular Event"
crmo,"Regular Event"
crmo,"Special Event"
crmo,"Regular Event"
crmo,"Regular Event"
crmo,"Regular Event"
crmo,"Regular Event"
crmo,"Special Event"
crmo,"Regular Event"
crmo,"Regular Event"
cuga,"Regular Event"
cuga,"Regular Event"
cuga,"Special Event"
cuga,"Regular Event"
cuga,"Regular Event"
cuga,"Regular Event"
cuga,"Regular Event"
cuga,"Special Event"
cuga,"Regular Event"
cuga,"Regular Event"
cuis,"Regular Event"
cuis,"Regular Event"
cuis,"Special Event"
cuis,"Regular Event"
cuis,"Regular Event"
cuis,"Regular Event"
cuis,"Regular Event"
cuis,"Special Event"
cuis,"Regular Event"
cuis,"Regular Event"
cure,"Regular Event"
cure,"Regular Event"
cure,"Special Event"
cure,"Regular Event"
cure,"Regular Event"
cure,"Regular Event"
cure,"Regular Event"
cure,"Special Event"
cure,"Regular Event"
cure,"Regular Event"
cuva,"Regular Event"
cuva,"Regular Event"
cuva,"Special Event"
cuva,"Regular Event"
cuva,"Regular Event"
cuva,"Regular Event"
cuva,"Regular Event"
cuva,"Special Event"
cuva,"Regular Event"
cuva,"Regular Event"
cech,"Regular Event"
cech,"Regular Event"
cech,"Special Event"
cech,"Regular Event"
cech,"Regular Event"
cech,"Regular Event"
cech,"Regular Event"
cech,"Special Event"
cech,"Regular Event"
cech,"Regular Event"
daav,"Regular Event"
daav,"Regular Event"
daav,"Special Event"
daav,"Regular Event"
daav,"Regular Event"
daav,"Regular Event"
daav,"Regular Event"
daav,"Special Event"
daav,"Regular Event"
daav,"Regular Event"
deso,"Regular Event"
deso,"Regular Event"
deso,"Special Event"
deso,"Regular Event"
deso,"Regular Event"
deso,"Regular Event"
deso,"Regular Event"
deso,"Special Event"
deso,"Regular Event"
deso,"Regular Event"
deva,"Regular Event"
deva,"Regular Event"
deva,"Special Event"
deva,"Regular Event"
deva,"Regular Event"
deva,"Regular Event"
deva,"Regular Event"
deva,"Special Event"
deva,"Regular Event"
deva,"Regular Event"
dewa,"Regular Event"
dewa,"Regular Event"
dewa,"Special Event"
dewa,"Regular Event"
dewa,"Regular Event"
dewa,"Regular Event"
dewa,"Regular Event"
dewa,"Special Event"
dewa,"Regular Event"
dewa,"Regular Event"
dena,"Regular Event"
dena,"Regular Event"
dena,"Special Event"
dena,"Regular Event"
dena,"Regular Event"
dena,"Regular Event"
dena,"Regular Event"
dena,"Special Event"
dena,"Regular Event"
dena,"Regular Event"
depo,"Regular Event"
depo,"Regular Event"
depo,"Special Event"
depo,"Regular Event"
depo,"Regular Event"
depo,"Regular Event"
depo,"Regular Event"
depo,"Special Event"
depo,"Regular Event"
depo,"Regular Event"
deto,"Regular Event"
deto,"Regular Event"
deto,"Special Event"
deto,"Regular Event"
deto,"Regular Event"
deto,"Regular Event"
deto,"Regular Event"
deto,"Special Event"
deto,"Regular Event"
deto,"Regular Event"
dino,"Regular Event"
dino,"Regular Event"
dino,"Special Event"
dino,"Regular Event"
dino,"Regular Event"
dino,"Regular Event"
dino,"Regular Event"
dino,"Special Event"
dino,"Regular Event"
dino,"Regular Event"
drto,"Regular Event"
drto,"Regular Event"
drto,"Special Event"
drto,"Regular Event"
drto,"Regular Event"
drto,"Regular Event"
drto,"Regular Event"
drto,"Special Event"
drto,"Regular Event"
drto,"Regular Event"
ddem,"Regular Event"
ddem,"Regular Event"
ddem,"Special Event"
ddem,"Regular Event"
ddem,"Regular Event"
ddem,"Regular Event"
ddem,"Regular Event"
ddem,"Special Event"
ddem,"Regular Event"
ddem,"Regular Event"
ebla,"Regular Event"
ebla,"Regular Event"
ebla,"Special Event"
ebla,"Regular Event"
ebla,"Regular Event"
ebla,"Regular Event"
ebla,"Regular Event"
ebla,"Special Event"
ebla,"Regular Event"
ebla,"Regular Event"
edal,"Regular Event"
edal,"Regular Event"
edal,"Special Event"
edal,"Regular Event"
edal,"Regular Event"
edal,"Regular Event"
edal,"Regular Event"
edal,"Special Event"
edal,"Regular Event"
edal,"Regular Event"
efmo,"Regular Event"
efmo,"Regular Event"
efmo,"Special Event"
efmo,"Regular Event"
efmo,"Regular Event"
efmo,"Regular Event"
efmo,"Regular Event"
efmo,"Special Event"
efmo,"Regular Event"
efmo,"Regular Event"
eise,"Regular Event"
eise,"Regular Event"
eise,"Special Event"
eise,"Regular Event"
eise,"Regular Event"
eise,"Regular Event"
eise,"Regular Event"
eise,"Special Event"
eise,"Regular Event"
eise,"Regular Event"
elca,"Regular Event"
elca,"Regular Event"
elca,"Special Event"
elca,"Regular Event"
elca,"Regular Event"
elca,"Regular Event"
elca,"Regular Event"
elca,"Special Event"
elca,"Regular Event"
elca,"Regular Event"
elte,"Regular Event"
elte,"Regular Event"
elte,"Special Event"
elte,"Regular Event"
elte,"Regular Event"
elte,"Regular Event"
elte,"Regular Event"
elte,"Special Event"
elte,"Regular Event"
elte,"Regular Event"
elma,"Regular Event"
elma,"Regular Event"
elma,"Special Event"
elma,"Regular Event"
elma,"Regular Event"
elma,"Regular Event"
elma,"Regular Event"
elma,"Special Event"
elma,"Regular Event"
elma,"Regular Event"
elmo,"Regular Event"
elmo,"Regular Event"
elmo,"Special Event"
elmo,"Regular Event"
elmo,"Regular Event"
elmo,"Regular Event"
elmo,"Regular Event"
elmo,"Special Event"
elmo,"Regular Event"
elmo,"Regular Event"
elro,"Regular Event"
elro,"Regular Event"
elro,"Special Event"
elro,"Regular Event"
elro,"Regular Event"
elro,"Regular Event"
elro,"Regular Event"
elro,"Special Event"
elro,"Regular Event"
elro,"Regular Event"
elis,"Regular Event"
elis,"Regular Event"
elis,"Special Event"
elis,"Regular Event"
elis,"Regular Event"
elis,"Regular Event"
elis,"Regular Event"
elis,"Special Event"
elis,"Regular Event"
elis,"Regular Event"
till,"Regular Event"
till,"Regular Event"
till,"Special Event"
till,"Regular Event"
till,"Regular Event"
till,"Regular Event"
till,"Regular Event"
till,"Special Event"
till,"Regular Event"
till,"Regular Event"
euon,"Regular Event"
euon,"Regular Event"
euon,"Special Event"
euon,"Regular Event"
euon,"Regular Event"
euon,"Regular Event"
euon,"Regular Event"
euon,"Special Event"
euon,"Regular Event"
euon,"Regular Event"
ever,"Regular Event"
ever,"Regular Event"
ever,"Special Event"
ever,"Regular Event"
ever,"Regular Event"
ever,"Regular Event"
ever,"Regular Event"
ever,"Special Event"
ever,"Regular Event"
ever,"Regular Event"
feha,"Regular Event"
feha,"Regular Event"
feha,"Special Event"
feha,"Regular Event"
feha,"Regular Event"
feha,"Regular Event"
feha,"Regular Event"
feha,"Special Event"
feha,"Regular Event"
feha,"Regular Event"
fiis,"Regular Event"
fiis,"Regular Event"
fiis,"Special Event"
fiis,"Regular Event"
fiis,"Regular Event"
fiis,"Regular Event"
fiis,"Regular Event"
fiis,"Special Event"
fiis,"Regular Event"
fiis,"Regular Event"
fila,"Regular Event"
fila,"Regular Event"
fila,"Special Event"
fila,"Regular Event"
fila,"Regular Event"
fila,"Regular Event"
fila,"Regular Event"
fila,"Special Event"
fila,"Regular Event"
fila,"Regular Event"
frst,"Regular Event"
frst,"Regular Event"
frst,"Special Event"
frst,"Regular Event"
frst,"Regular Event"
frst,"Regular Event"
frst,"Regular Event"
frst,"Special Event"
frst,"Regular Event"
frst,"Regular Event"
flni,"Regular Event"
flni,"Regular Event"
flni,"Special Event"
flni,"Regular Event"
flni,"Regular Event"
flni,"Regular Event"
flni,"Regular Event"
flni,"Special Event"
flni,"Regular Event"
flni,"Regular Event"
flfo,"Regular Event"
flfo,"Regular Event"
flfo,"Special Event"
flfo,"Regular Event"
flfo,"Regular Event"
flfo,"Regular Event"
flfo,"Regular Event"
flfo,"Special Event"
flfo,"Regular Event"
flfo,"Regular Event"
foth,"Regular Event"
foth,"Regular Event"
foth,"Special Event"
foth,"Regular Event"
foth,"Regular Event"
foth,"Regular Event"
foth,"Regular Event"
foth,"Special Event"
foth,"Regular Event"
foth,"Regular Event"
fobo,"Regular Event"
fobo,"Regular Event"
fobo,"Special Event"
fobo,"Regular Event"
fobo,"Regular Event"
fobo,"Regular Event"
fobo,"Regular Event"
fobo,"Special Event"
fobo,"Regular Event"
fobo,"Regular Event"
foda,"Regular Event"
foda,"Regular Event"
foda,"Special Event"
foda,"Regular Event"
foda,"Regular Event"
foda,"Regular Event"
foda,"Regular Event"
foda,"Special Event"
foda,"Regular Event"
foda,"Regular Event"
fodo,"Regular Event"
fodo,"Regular Event"
fodo,"Special Event"
fodo,"Regular Event"
fodo,"Regular Event"
fodo,"Regular Event"
fodo,"Regular Event"
fodo,"Special Event"
fodo,"Regular Event"
fodo,"Regular Event"
fodu,"Regular Event"
fodu,"Regular Event"
fodu,"Special Event"
fodu,"Regular Event"
fodu,"Regular Event"
fodu,"Regular Event"
fodu,"Regular Event"
fodu,"Special Event"
fodu,"Regular Event"
fodu,"Regular Event"
fofo,"Regular Event"
fofo,"Regular Event"
fofo,"Special Event"
fofo,"Regular Event"
fofo,"Regular Event"
fofo,"Regular Event"
fofo,"Regular Event"
fofo,"Special Event"
fofo,"Regular Event"
fofo,"Regular Event"
fofr,"Regular Event"
fofr,"Regular Event"
fofr,"Special Event"
fofr,"Regular Event"
fofr,"Regular Event"
fofr,"Regular Event"
fofr,"Regular Event"
fofr,"Special Event"
fofr,"Regular Event"
fofr,"Regular Event"
fola,"Regular Event"
fola,"Regular Event"
fola,"Special Event"
fola,"Regular Event"
fola,"Regular Event"
fola,"Regular Event"
fola,"Regular Event"
fola,"Special Event"
fola,"Regular Event"
fola,"Regular Event"
fols,"Regular Event"
fols,"Regular Event"
fols,"Special Event"
fols,"Regular Event"
fols,"Regular Event"
fols,"Regular Event"
fols,"Regular Event"
fols,"Special Event"
fols,"Regular Event"
fols,"Regular Event"
foma,"Regular Event"
foma,"Regular Event"
foma,"Special Event"
foma,"Regular Event"
foma,"Regular Event"
foma,"Regular Event"
foma,"Regular Event"
foma,"Special Event"
foma,"Regular Event"
foma,"Regular Event"
fomc,"Regular Event"
fomc,"Regular Event"
fomc,"Special Event"
fomc,"Regular Event"
fomc,"Regular Event"
fomc,"Regular Event"
fomc,"Regular Event"
fomc,"Special Event"
fomc,"Regular Event"
fomc,"Regular Event"
fomr,"Regular Event"
fomr,"Regular Event"
fomr,"Special Event"
fomr,"Regular Event"
fomr,"Regular Event"
fomr,"Regular Event"
fomr,"Regular Event"
fomr,"Special Event"
fomr,"Regular Event"
fomr,"Regular Event"
fone,"Regular Event"
fone,"Regular Event"
fone,"Special Event"
fone,"Regular Event"
fone,"Regular Event"
fone,"Regular Event"
fone,"Regular Event"
fone,"Special Event"
fone,"Regular Event"
fone,"Regular Event"
fopo,"Regular Event"
fopo,"Regular Event"
fopo,"Special Event"
fopo,"Regular Event"
fopo,"Regular Event"
fopo,"Regular Event"
fopo,"Regular Event"
fopo,"Special Event"
fopo,"Regular Event"
fopo,"Regular Event"
fopu,"Regular Event"
fopu,"Regular Event"
fopu,"Special Event"
fopu,"Regular Event"
fopu,"Regular Event"
fopu,"Regular Event"
fopu,"Regular Event"
fopu,"Special Event"
fopu,"Regular Event"
fopu,"Regular Event"
fora,"Regular Event"
fora,"Regular Event"
fora,"Special Event"
fora,"Regular Event"
fora,"Regular Event"
fora,"Regular Event"
fora,"Regular Event"
fora,"Special Event"
fora,"Regular Event"
fora,"Regular Event"
fosc,"Regular Event"
fosc,"Regular Event"
fosc,"Special Event"
fosc,"Regular Event"
fosc,"Regular Event"
fosc,"Regular Event"
fosc,"Regular Event"
fosc,"Special Event"
fosc,"Regular Event"
fosc,"Regular Event"
fosm,"Regular Event"
fosm,"Regular Event"
fosm,"Special Event"
fosm,"Regular Event"
fosm,"Regular Event"
fosm,"Regular Event"
fosm,"Regular Event"
fosm,"Special Event"
fosm,"Regular Event"
fosm,"Regular Event"
fost,"Regular Event"
fost,"Regular Event"
fost,"Special Event"
fost,"Regular Event"
fost,"Regular Event"
fost,"Regular Event"
fost,"Regular Event"
fost,"Special Event"
fost,"Regular Event"
fost,"Regular Event"
fosu,"Regular Event"
fosu,"Regular Event"
fosu,"Special Event"
fosu,"Regular Event"
fosu,"Regular Event"
fosu,"Regular Event"
fosu,"Regular Event"
fosu,"Special Event"
fosu,"Regular Event"
fosu,"Regular Event"
foun,"Regular Event"
foun,"Regular Event"
foun,"Special Event"
foun,"Regular Event"
foun,"Regular Event"
foun,"Regular Event"
foun,"Regular Event"
foun,"Special Event"
foun,"Regular Event"
foun,"Regular Event"
fous,"Regular Event"
fous,"Regular Event"
fous,"Special Event"
fous,"Regular Event"
fous,"Regular Event"
fous,"Regular Event"
fous,"Regular Event"
fous,"Special Event"
fous,"Regular Event"
fous,"Regular Event"
fova,"Regular Event"
fova,"Regular Event"
fova,"Special Event"
fova,"Regular Event"
fova,"Regular Event"
fova,"Regular Event"
fova,"Regular Event"
fova,"Special Event"
fova,"Regular Event"
fova,"Regular Event"
fowa,"Regular Event"
fowa,"Regular Event"
fowa,"Special Event"
fowa,"Regular Event"
fowa,"Regular Event"
fowa,"Regular Event"
fowa,"Regular Event"
fowa,"Special Event"
fowa,"Regular Event"
fowa,"Regular Event"
fobu,"Regular Event"
fobu,"Regular Event"
fobu,"Special Event"
fobu,"Regular Event"
fobu,"Regular Event"
fobu,"Regular Event"
fobu,"Regular Event"
fobu,"Special Event"
fobu,"Regular Event"
fobu,"Regular Event"
frde,"Regular Event"
frde,"Regular Event"
frde,"Special Event"
frde,"Regular Event"
frde,"Regular Event"
frde,"Regular Event"
frde,"Regular Event"
frde,"Special Event"
frde,"Regular Event"
frde,"Regular Event"
frdo,"Regular Event"
frdo,"Regular Event"
frdo,"Special Event"
frdo,"Regular Event"
frdo,"Regular Event"
frdo,"Regular Event"
frdo,"Regular Event"
frdo,"Special Event"
frdo,"Regular Event"
frdo,"Regular Event"
frla,"Regular Event"
frla,"Regular Event"
frla,"Special Event"
frla,"Regular Event"
frla,"Regular Event"
frla,"Regular Event"
frla,"Regular Event"
frla,"Special Event"
frla,"Regular Event"
frla,"Regular Event"
frsp,"Regular Event"
frsp,"Regular Event"
frsp,"Special Event"
frsp,"Regular Event"
frsp,"Regular Event"
frsp,"Regular Event"
frsp,"Regular Event"
frsp,"Special Event"
frsp,"Regular Event"
frsp,"Regular Event"
frri,"Regular Event"
frri,"Regular Event"
frri,"Special Event"
frri,"Regular Event"
frri,"Regular Event"
frri,"Regular Event"
frri,"Regular Event"
frri,"Special Event"
frri,"Regular Event"
frri,"Regular Event"
frhi,"Regular Event"
frhi,"Regular Event"
frhi,"Special Event"
frhi,"Regular Event"
frhi,"Regular Event"
frhi,"Regular Event"
frhi,"Regular Event"
frhi,"Special Event"
frhi,"Regular Event"
frhi,"Regular Event"
gaar,"Regular Event"
gaar,"Regular Event"
gaar,"Special Event"
gaar,"Regular Event"
gaar,"Regular Event"
gaar,"Regular Event"
gaar,"Regular Event"
gaar,"Special Event"
gaar,"Regular Event"
gaar,"Regular Event"
jeff,"Regular Event"
jeff,"Regular Event"
jeff,"Special Event"
jeff,"Regular Event"
jeff,"Regular Event"
jeff,"Regular Event"
jeff,"Regular Event"
jeff,"Special Event"
jeff,"Regular Event"
jeff,"Regular Event"
gate,"Regular Event"
gate,"Regular Event"
gate,"Special Event"
gate,"Regular Event"
gate,"Regular Event"
gate,"Regular Event"
gate,"Regular Event"
gate,"Special Event"
gate,"Regular Event"
gate,"Regular Event"
gari,"Regular Event"
gari,"Regular Event"
gari,"Special Event"
gari,"Regular Event"
gari,"Regular Event"
gari,"Regular Event"
gari,"Regular Event"
gari,"Special Event"
gari,"Regular Event"
gari,"Regular Event"
gegr,"Regular Event"
gegr,"Regular Event"
gegr,"Special Event"
gegr,"Regular Event"
gegr,"Regular Event"
gegr,"Regular Event"
gegr,"Regular Event"
gegr,"Special Event"
gegr,"Regular Event"
gegr,"Regular Event"
gero,"Regular Event"
gero,"Regular Event"
gero,"Special Event"
gero,"Regular Event"
gero,"Regular Event"
gero,"Regular Event"
gero,"Regular Event"
gero,"Special Event"
gero,"Regular Event"
gero,"Regular Event"
gewa,"Regular Event"
gewa,"Regular Event"
gewa,"Special Event"
gewa,"Regular Event"
gewa,"Regular Event"
gewa,"Regular Event"
gewa,"Regular Event"
gewa,"Special Event"
gewa,"Regular Event"
gewa,"Regular Event"
gwca,"Regular Event"
gwca,"Regular Event"
gwca,"Special Event"
gwca,"Regular Event"
gwca,"Regular Event"
gwca,"Regular Event"
gwca,"Regular Event"
gwca,"Special Event"
gwca,"Regular Event"
gwca,"Regular Event"
gwmp,"Regular Event"
gwmp,"Regular Event"
gwmp,"Special Event"
gwmp,"Regular Event"
gwmp,"Regular Event"
gwmp,"Regular Event"
gwmp,"Regular Event"
gwmp,"Special Event"
gwmp,"Regular Event"
gwmp,"Regular Event"
gett,"Regular Event"
gett,"Regular Event"
gett,"Special Event"
gett,"Regular Event"
gett,"Regular Event"
gett,"Regular Event"
gett,"Regular Event"
gett,"Special Event"
gett,"Regular Event"
gett,"Regular Event"
gicl,"Regular Event"
gicl,"Regular Event"
gicl,"Special Event"
gicl,"Regular Event"
gicl,"Regular Event"
gicl,"Regular Event"
gicl,"Regular Event"
gicl,"Special Event"
gicl,"Regular Event"
gicl,"Regular Event"
glba,"Regular Event"
glba,"Regular Event"
glba,"Special Event"
glba,"Regular Event"
glba,"Regular Event"
glba,"Regular Event"
glba,"Regular Event"
glba,"Special Event"
glba,"Regular Event"
glba,"Regular Event"
glac,"Regular Event"
glac,"Regular Event"
glac,"Special Event"
glac,"Regular Event"
glac,"Regular Event"
glac,"Regular Event"
glac,"Regular Event"
glac,"Special Event"
glac,"Regular Event"
glac,"Regular Event"
glca,"Regular Event"
glca,"Regular Event"
glca,"Special Event"
glca,"Regular Event"
glca,"Regular Event"
glca,"Regular Event"
glca,"Regular Event"
glca,"Special Event"
glca,"Regular Event"
glca,"Regular Event"
glec,"Regular Event"
glec,"Regular Event"
glec,"Special Event"
glec,"Regular Event"
glec,"Regular Event"
glec,"Regular Event"
glec,"Regular Event"
glec,"Special Event"
glec,"Regular Event"
glec,"Regular Event"
glde,"Regular Event"
glde,"Regular Event"
glde,"Special Event"
glde,"Regular Event"
glde,"Regular Event"
glde,"Regular Event"
glde,"Regular Event"
glde,"Special Event"
glde,"Regular Event"
glde,"Regular Event"
goga,"Regular Event"
goga,"Regular Event"
goga,"Special Event"
goga,"Regular Event"
goga,"Regular Event"
goga,"Regular Event"
goga,"Regular Event"
goga,"Special Event"
goga,"Regular Event"
goga,"Regular Event"
gosp,"Regular Event"
gosp,"Regular Event"
gosp,"Special Event"
gosp,"Regular Event"
gosp,"Regular Event"
gosp,"Regular Event"
gosp,"Regular Event"
gosp,"Special Event"
gosp,"Regular Event"
gosp,"Regular Event"
gois,"Regular Event"
gois,"Regular Event"
gois,"Special Event"
gois,"Regular Event"
gois,"Regular Event"
gois,"Regular Event"
gois,"Regular Event"
gois,"Special Event"
gois,"Regular Event"
gois,"Regular Event"
grca,"Regular Event"
grca,"Regular Event"
grca,"Special Event"
grca,"Regular Event"
grca,"Regular Event"
grca,"Regular Event"
grca,"Regular Event"
grca,"Special Event"
grca,"Regular Event"
grca,"Regular Event"
para,"Regular Event"
para,"Regular Event"
para,"Special Event"
para,"Regular Event"
para,"Regular Event"
para,"Regular Event"
para,"Regular Event"
para,"Special Event"
para,"Regular Event"
para,"Regular Event"
grpo,"Regular Event"
grpo,"Regular Event"
grpo,"Special Event"
grpo,"Regular Event"
grpo,"Regular Event"
grpo,"Regular Event"
grpo,"Regular Event"
grpo,"Special Event"
grpo,"Regular Event"
grpo,"Regular Event"
grte,"Regular Event"
grte,"Regular Event"
grte,"Special Event"
grte,"Regular Event"
grte,"Regular Event"
grte,"Regular Event"
grte,"Regular Event"
grte,"Special Event"
grte,"Regular Event"
grte,"Regular Event"
grko,"Regular Event"
grko,"Regular Event"
grko,"Special Event"
grko,"Regular Event"
grko,"Regular Event"
grko,"Regular Event"
grko,"Regular Event"
grko,"Special Event"
grko,"Regular Event"
grko,"Regular Event"
grba,"Regular Event"
grba,"Regular Event"
grba,"Special Event"
grba,"Regular Event"
grba,"Regular Event"
grba,"Regular Event"
grba,"Regular Event"
grba,"Special Event"
grba,"Regular Event"
grba,"Regular Event"
greg,"Regular Event"
greg,"Regular Event"
greg,"Special Event"
greg,"Regular Event"
greg,"Regular Event"
greg,"Regular Event"
greg,"Regular Event"
greg,"Special Event"
greg,"Regular Event"
greg,"Regular Event"
grfa,"Regular Event"
grfa,"Regular Event"
grfa,"Special Event"
grfa,"Regular Event"
grfa,"Regular Event"
grfa,"Regular Event"
grfa,"Regular Event"
grfa,"Special Event"
grfa,"Regular Event"
grfa,"Regular Event"
grsa,"Regular Event"
grsa,"Regular Event"
grsa,"Special Event"
grsa,"Regular Event"
grsa,"Regular Event"
grsa,"Regular Event"
grsa,"Regular Event"
grsa,"Special Event"
grsa,"Regular Event"
grsa,"Regular Event"
grsm,"Regular Event"
grsm,"Regular Event"
grsm,"Special Event"
grsm,"Regular Event"
grsm,"Regular Event"
grsm,"Regular Event"
grsm,"Regular Event"
grsm,"Special Event"
grsm,"Regular Event"
grsm,"Regular Event"
grsp,"Regular Event"
grsp,"Regular Event"
grsp,"Special Event"
grsp,"Regular Event"
grsp,"Regular Event"
grsp,"Regular Event"
grsp,"Regular Event"
grsp,"Special Event"
grsp,"Regular Event"
grsp,"Regular Event"
gree,"Regular Event"
gree,"Regular Event"
gree,"Special Event"
gree,"Regular Event"
gree,"Regular Event"
gree,"Regular Event"
gree,"Regular Event"
gree,"Special Event"
gree,"Regular Event"
gree,"Regular Event"
gumo,"Regular Event"
gumo,"Regular Event"
gumo,"Special Event"
gumo,"Regular Event"
gumo,"Regular Event"
gumo,"Regular Event"
gumo,"Regular Event"
gumo,"Special Event"
gumo,"Regular Event"
gumo,"Regular Event"
guco,"Regular Event"
guco,"Regular Event"
guco,"Special Event"
guco,"Regular Event"
guco,"Regular Event"
guco,"Regular Event"
guco,"Regular Event"
guco,"Special Event"
guco,"Regular Event"
guco,"Regular Event"
guis,"Regular Event"
guis,"Regular Event"
guis,"Special Event"
guis,"Regular Event"
guis,"Regular Event"
guis,"Regular Event"
guis,"Regular Event"
guis,"Special Event"
guis,"Regular Event"
guis,"Regular Event"
hafo,"Regular Event"
hafo,"Regular Event"
hafo,"Special Event"
hafo,"Regular Event"
hafo,"Regular Event"
hafo,"Regular Event"
hafo,"Regular Event"
hafo,"Special Event"
hafo,"Regular Event"
hafo,"Regular Event"
hale,"Regular Event"
hale,"Regular Event"
hale,"Special Event"
hale,"Regular Event"
hale,"Regular Event"
hale,"Regular Event"
hale,"Regular Event"
hale,"Special Event"
hale,"Regular Event"
hale,"Regular Event"
hagr,"Regular Event"
hagr,"Regular Event"
hagr,"Special Event"
hagr,"Regular Event"
hagr,"Regular Event"
hagr,"Regular Event"
hagr,"Regular Event"
hagr,"Special Event"
hagr,"Regular Event"
hagr,"Regular Event"
hamp,"Regular Event"
hamp,"Regular Event"
hamp,"Special Event"
hamp,"Regular Event"
hamp,"Regular Event"
hamp,"Regular Event"
hamp,"Regular Event"
hamp,"Special Event"
hamp,"Regular Event"
hamp,"Regular Event"
haha,"Regular Event"
haha,"Regular Event"
haha,"Special Event"
haha,"Regular Event"
haha,"Regular Event"
haha,"Regular Event"
haha,"Regular Event"
haha,"Special Event"
haha,"Regular Event"
haha,"Regular Event"
hafe,"Regular Event"
hafe,"Regular Event"
hafe,"Special Event"
hafe,"Regular Event"
hafe,"Regular Event"
hafe,"Regular Event"
hafe,"Regular Event"
hafe,"Special Event"
hafe,"Regular Event"
hafe,"Regular Event"
hart,"Regular Event"
hart,"Regular Event"
hart,"Special Event"
hart,"Regular Event"
hart,"Regular Event"
hart,"Regular Event"
hart,"Regular Event"
hart,"Special Event"
hart,"Regular Event"
hart,"Regular Event"
hatu,"Regular Event"
hatu,"Regular Event"
hatu,"Special Event"
hatu,"Regular Event"
hatu,"Regular Event"
hatu,"Regular Event"
hatu,"Regular Event"
hatu,"Special Event"
hatu,"Regular Event"
hatu,"Regular Event"
hstr,"Regular Event"
hstr,"Regular Event"
hstr,"Special Event"
hstr,"Regular Event"
hstr,"Regular Event"
hstr,"Regular Event"
hstr,"Regular Event"
hstr,"Special Event"
hstr,"Regular Event"
hstr,"Regular Event"
havo,"Regular Event"
havo,"Regular Event"
havo,"Special Event"
havo,"Regular Event"
havo,"Regular Event"
havo,"Regular Event"
havo,"Regular Event"
havo,"Special Event"
havo,"Regular Event"
havo,"Regular Event"
heho,"Regular Event"
heho,"Regular Event"
heho,"Special Event"
heho,"Regular Event"
heho,"Regular Event"
heho,"Regular Event"
heho,"Regular Event"
heho,"Special Event"
heho,"Regular Event"
heho,"Regular Event"
jame,"Regular Event"
jame,"Regular Event"
jame,"Special Event"
jame,"Regular Event"
jame,"Regular Event"
jame,"Regular Event"
jame,"Regular Event"
jame,"Special Event"
jame,"Regular Event"
jame,"Regular Event"
hofr,"Regular Event"
hofr,"Regular Event"
hofr,"Special Event"
hofr,"Regular Event"
hofr,"Regular Event"
hofr,"Regular Event"
hofr,"Regular Event"
hofr,"Special Event"
hofr,"Regular Event"
hofr,"Regular Event"
home,"Regular Event"
home,"Regular Event"
home,"Special Event"
home,"Regular Event"
home,"Regular Event"
home,"Regular Event"
home,"Regular Event"
home,"Special Event"
home,"Regular Event"
home,"Regular Event"
hono,"Regular Event"
hono,"Regular Event"
hono,"Special Event"
hono,"Regular Event"
hono,"Regular Event"
hono,"Regular Event"
hono,"Regular Event"
hono,"Special Event"
hono,"Regular Event"
hono,"Regular Event"
hocu,"Regular Event"
hocu,"Regular Event"
hocu,"Special Event"
hocu,"Regular Event"
hocu,"Regular Event"
hocu,"Regular Event"
hocu,"Regular Event"
hocu,"Special Event"
hocu,"Regular Event"
hocu,"Regular Event"
hofu,"Regular Event"
hofu,"Regular Event"
hofu,"Special Event"
hofu,"Regular Event"
hofu,"Regular Event"
hofu,"Regular Event"
hofu,"Regular Event"
hofu,"Special Event"
hofu,"Regular Event"
hofu,"Regular Event"
hobe,"Regular Event"
hobe,"Regular Event"
hobe,"Special Event"
hobe,"Regular Event"
hobe,"Regular Event"
hobe,"Regular Event"
hobe,"Regular Event"
hobe,"Special Event"
hobe,"Regular Event"
hobe,"Regular Event"
hosp,"Regular Event"
hosp,"Regular Event"
hosp,"Special Event"
hosp,"Regular Event"
hosp,"Regular Event"
hosp,"Regular Event"
hosp,"Regular Event"
hosp,"Special Event"
hosp,"Regular Event"
hosp,"Regular Event"
hove,"Regular Event"
hove,"Regular Event"
hove,"Special Event"
hove,"Regular Event"
hove,"Regular Event"
hove,"Regular Event"
hove,"Regular Event"
hove,"Special Event"
hove,"Regular Event"
hove,"Regular Event"
hutr,"Regular Event"
hutr,"Regular Event"
hutr,"Special Event"
hutr,"Regular Event"
hutr,"Regular Event"
hutr,"Regular Event"
hutr,"Regular Event"
hutr,"Special Event"
hutr,"Regular Event"
hutr,"Regular Event"
iafl,"Regular Event"
iafl,"Regular Event"
iafl,"Special Event"
iafl,"Regular Event"
iafl,"Regular Event"
iafl,"Regular Event"
iafl,"Regular Event"
iafl,"Special Event"
iafl,"Regular Event"
iafl,"Regular Event"
iatr,"Regular Event"
iatr,"Regular Event"
iatr,"Special Event"
iatr,"Regular Event"
iatr,"Regular Event"
iatr,"Regular Event"
iatr,"Regular Event"
iatr,"Special Event"
iatr,"Regular Event"
iatr,"Regular Event"
inde,"Regular Event"
inde,"Regular Event"
inde,"Special Event"
inde,"Regular Event"
inde,"Regular Event"
inde,"Regular Event"
inde,"Regular Event"
inde,"Special Event"
inde,"Regular Event"
inde,"Regular Event"
indu,"Regular Event"
indu,"Regular Event"
indu,"Special Event"
indu,"Regular Event"
indu,"Regular Event"
indu,"Regular Event"
indu,"Regular Event"
indu,"Special Event"
indu,"Regular Event"
indu,"Regular Event"
isro,"Regular Event"
isro,"Regular Event"
isro,"Special Event"
isro,"Regular Event"
isro,"Regular Event"
isro,"Regular Event"
isro,"Regular Event"
isro,"Special Event"
isro,"Regular Event"
isro,"Regular Event"
inup,"Regular Event"
inup,"Regular Event"
inup,"Special Event"
inup,"Regular Event"
inup,"Regular Event"
inup,"Regular Event"
inup,"Regular Event"
inup,"Special Event"
inup,"Regular Event"
inup,"Regular Event"
jaga,"Regular Event"
jaga,"Regular Event"
jaga,"Special Event"
jaga,"Regular Event"
jaga,"Regular Event"
jaga,"Regular Event"
jaga,"Regular Event"
jaga,"Special Event"
jaga,"Regular Event"
jaga,"Regular Event"
jela,"Regular Event"
jela,"Regular Event"
jela,"Special Event"
jela,"Regular Event"
jela,"Regular Event"
jela,"Regular Event"
jela,"Regular Event"
jela,"Special Event"
jela,"Regular Event"
jela,"Regular Event"
jeca,"Regular Event"
jeca,"Regular Event"
jeca,"Special Event"
jeca,"Regular Event"
jeca,"Regular Event"
jeca,"Regular Event"
jeca,"Regular Event"
jeca,"Special Event"
jeca,"Regular Event"
jeca,"Regular Event"
jica,"Regular Event"
jica,"Regular Event"
jica,"Special Event"
jica,"Regular Event"
jica,"Regular Event"
jica,"Regular Event"
jica,"Regular Event"
jica,"Special Event"
jica,"Regular Event"
jica,"Regular Event"
joda,"Regular Event"
joda,"Regular Event"
joda,"Special Event"
joda,"Regular Event"
joda,"Regular Event"
joda,"Regular Event"
joda,"Regular Event"
joda,"Special Event"
joda,"Regular Event"
joda,"Regular Event"
jofi,"Regular Event"
jofi,"Regular Event"
jofi,"Special Event"
jofi,"Regular Event"
jofi,"Regular Event"
jofi,"Regular Event"
jofi,"Regular Event"
jofi,"Special Event"
jofi,"Regular Event"
jofi,"Regular Event"
jomu,"Regular Event"
jomu,"Regular Event"
jomu,"Special Event"
jomu,"Regular Event"
jomu,"Regular Event"
jomu,"Regular Event"
jomu,"Regular Event"
jomu,"Special Event"
jomu,"Regular Event"
jomu,"Regular Event"
jofl,"Regular Event"
jofl,"Regular Event"
jofl,"Special Event"
jofl,"Regular Event"
jofl,"Regular Event"
jofl,"Regular Event"
jofl,"Regular Event"
jofl,"Special Event"
jofl,"Regular Event"
jofl,"Regular Event"
jotr,"Regular Event"
jotr,"Regular Event"
jotr,"Special Event"
jotr,"Regular Event"
jotr,"Regular Event"
jotr,"Regular Event"
jotr,"Regular Event"
jotr,"Special Event"
jotr,"Regular Event"
jotr,"Regular Event"
juba,"Regular Event"
juba,"Regular Event"
juba,"Special Event"
juba,"Regular Event"
juba,"Regular Event"
juba,"Regular Event"
juba,"Regular Event"
juba,"Special Event"
juba,"Regular Event"
juba,"Regular Event"
kala,"Regular Event"
kala,"Regular Event"
kala,"Special Event"
kala,"Regular Event"
kala,"Regular Event"
kala,"Regular Event"
kala,"Regular Event"
kala,"Special Event"
kala,"Regular Event"
kala,"Regular Event"
kaho,"Regular Event"
kaho,"Regular Event"
kaho,"Special Event"
kaho,"Regular Event"
kaho,"Regular Event"
kaho,"Regular Event"
kaho,"Regular Event"
kaho,"Special Event"
kaho,"Regular Event"
kaho,"Regular Event"
kaww,"Regular Event"
kaww,"Regular Event"
kaww,"Special Event"
kaww,"Regular Event"
kaww,"Regular Event"
kaww,"Regular Event"
kaww,"Regular Event"
kaww,"Special Event"
kaww,"Regular Event"
kaww,"Regular Event"
katm,"Regular Event"
katm,"Regular Event"
katm,"Special Event"
katm,"Regular Event"
katm,"Regular Event"
katm,"Regular Event"
katm,"Regular Event"
katm,"Special Event"
katm,"Regular Event"
katm,"Regular Event"
kefj,"Regular Event"
kefj,"Regular Event"
kefj,"Special Event"
kefj,"Regular Event"
kefj,"Regular Event"
kefj,"Regular Event"
kefj,"Regular Event"
kefj,"Special Event"
kefj,"Regular Event"
kefj,"Regular Event"
keaq,"Regular Event"
keaq,"Regular Event"
keaq,"Special Event"
keaq,"Regular Event"
keaq,"Regular Event"
keaq,"Regular Event"
keaq,"Regular Event"
keaq,"Special Event"
keaq,"Regular Event"
keaq,"Regular Event"
kemo,"Regular Event"
kemo,"Regular Event"
kemo,"Special Event"
kemo,"Regular Event"
kemo,"Regular Event"
kemo,"Regular Event"
kemo,"Regular Event"
kemo,"Special Event"
kemo,"Regular Event"
kemo,"Regular Event"
kewe,"Regular Event"
kewe,"Regular Event"
kewe,"Special Event"
kewe,"Regular Event"
kewe,"Regular Event"
kewe,"Regular Event"
kewe,"Regular Event"
kewe,"Special Event"
kewe,"Regular Event"
kewe,"Regular Event"
kimo,"Regular Event"
kimo,"Regular Event"
kimo,"Special Event"
kimo,"Regular Event"
kimo,"Regular Event"
kimo,"Regular Event"
kimo,"Regular Event"
kimo,"Special Event"
kimo,"Regular Event"
kimo,"Regular Event"
klse,"Regular Event"
klse,"Regular Event"
klse,"Special Event"
klse,"Regular Event"
klse,"Regular Event"
klse,"Regular Event"
klse,"Regular Event"
klse,"Special Event"
klse,"Regular Event"
klse,"Regular Event"
klgo,"Regular Event"
klgo,"Regular Event"
klgo,"Special Event"
klgo,"Regular Event"
klgo,"Regular Event"
klgo,"Regular Event"
klgo,"Regular Event"
klgo,"Special Event"
klgo,"Regular Event"
klgo,"Regular Event"
knri,"Regular Event"
knri,"Regular Event"
knri,"Special Event"
knri,"Regular Event"
knri,"Regular Event"
knri,"Regular Event"
knri,"Regular Event"
knri,"Special Event"
knri,"Regular Event"
knri,"Regular Event"
kova,"Regular Event"
kova,"Regular Event"
kova,"Special Event"
kova,"Regular Event"
kova,"Regular Event"
kova,"Regular Event"
kova,"Regular Event"
kova,"Special Event"
kova,"Regular Event"
kova,"Regular Event"
kowa,"Regular Event"
kowa,"Regular Event"
kowa,"Special Event"
kowa,"Regular Event"
kowa,"Regular Event"
kowa,"Regular Event"
kowa,"Regular Event"
kowa,"Special Event"
kowa,"Regular Event"
kowa,"Regular Event"
lyba,"Regular Event"
lyba,"Regular Event"
lyba,"Special Event"
lyba,"Regular Event"
lyba,"Regular Event"
lyba,"Regular Event"
lyba,"Regular Event"
lyba,"Special Event"
lyba,"Regular Event"
lyba,"Regular Event"
lacl,"Regular Event"
lacl,"Regular Event"
lacl,"Special Event"
lacl,"Regular Event"
lacl,"Regular Event"
lacl,"Regular Event"
lacl,"Regular Event"
lacl,"Special Event"
lacl,"Regular Event"
lacl,"Regular Event"
lake,"Regular Event"
lake,"Regular Event"
lake,"Special Event"
lake,"Regular Event"
lake,"Regular Event"
lake,"Regular Event"
lake,"Regular Event"
lake,"Special Event"
lake,"Regular Event"
lake,"Regular Event"
lamr,"Regular Event"
lamr,"Regular Event"
lamr,"Special Event"
lamr,"Regular Event"
lamr,"Regular Event"
lamr,"Regular Event"
lamr,"Regular Event"
lamr,"Special Event"
lamr,"Regular Event"
lamr,"Regular Event"
laro,"Regular Event"
laro,"Regular Event"
laro,"Special Event"
laro,"Regular Event"
laro,"Regular Event"
laro,"Regular Event"
laro,"Regular Event"
laro,"Special Event"
laro,"Regular Event"
laro,"Regular Event"
lavo,"Regular Event"
lavo,"Regular Event"
lavo,"Special Event"
lavo,"Regular Event"
lavo,"Regular Event"
lavo,"Regular Event"
lavo,"Regular Event"
lavo,"Special Event"
lavo,"Regular Event"
lavo,"Regular Event"
labe,"Regular Event"
labe,"Regular Event"
labe,"Special Event"
labe,"Regular Event"
labe,"Regular Event"
labe,"Regular Event"
labe,"Regular Event"
labe,"Special Event"
labe,"Regular Event"
labe,"Regular Event"
lecl,"Regular Event"
lecl,"Regular Event"
lecl,"Special Event"
lecl,"Regular Event"
lecl,"Regular Event"
lecl,"Regular Event"
lecl,"Regular Event"
lecl,"Special Event"
lecl,"Regular Event"
lecl,"Regular Event"
lewi,"Regular Event"
lewi,"Regular Event"
lewi,"Special Event"
lewi,"Regular Event"
lewi,"Regular Event"
lewi,"Regular Event"
lewi,"Regular Event"
lewi,"Special Event"
lewi,"Regular Event"
lewi,"Regular Event"
libo,"Regular Event"
libo,"Regular Event"
libo,"Special Event"
libo,"Regular Event"
libo,"Regular Event"
libo,"Regular Event"
libo,"Regular Event"
libo,"Special Event"
libo,"Regular Event"
libo,"Regular Event"
liho,"Regular Event"
liho,"Regular Event"
liho,"Special Event"
liho,"Regular Event"
liho,"Regular Event"
liho,"Regular Event"
liho,"Regular Event"
liho,"Special Event"
liho,"Regular Event"
liho,"Regular Event"
linc,"Regular Event"
linc,"Regular Event"
linc,"Special Event"
linc,"Regular Event"
linc,"Regular Event"
linc,"Regular Event"
linc,"Regular Event"
linc,"Special Event"
linc,"Regular Event"
linc,"Regular Event"
libi,"Regular Event"
libi,"Regular Event"
libi,"Special Event"
libi,"Regular Event"
libi,"Regular Event"
libi,"Regular Event"
libi,"Regular Event"
libi,"Special Event"
libi,"Regular Event"
libi,"Regular Event"
liri,"Regular Event"
liri,"Regular Event"
liri,"Special Event"
liri,"Regular Event"
liri,"Regular Event"
liri,"Regular Event"
liri,"Regular Event"
liri,"Special Event"
liri,"Regular Event"
liri,"Regular Event"
chsc,"Regular Event"
chsc,"Regular Event"
chsc,"Special Event"
chsc,"Regular Event"
chsc,"Regular Event"
chsc,"Regular Event"
chsc,"Regular Event"
chsc,"Special Event"
chsc,"Regular Event"
chsc,"Regular Event"
long,"Regular Event"
long,"Regular Event"
long,"Special Event"
long,"Regular Event"
long,"Regular Event"
long,"Regular Event"
long,"Regular Event"
long,"Special Event"
long,"Regular Event"
long,"Regular Event"
lowe,"Regular Event"
lowe,"Regular Event"
lowe,"Special Event"
lowe,"Regular Event"
lowe,"Regular Event"
lowe,"Regular Event"
lowe,"Regular Event"
lowe,"Special Event"
lowe,"Regular Event"
lowe,"Regular Event"
lode,"Regular Event"
lode,"Regular Event"
lode,"Special Event"
lode,"Regular Event"
lode,"Regular Event"
lode,"Regular Event"
lode,"Regular Event"
lode,"Special Event"
lode,"Regular Event"
lode,"Regular Event"
loea,"Regular Event"
loea,"Regular Event"
loea,"Special Event"
loea,"Regular Event"
loea,"Regular Event"
loea,"Regular Event"
loea,"Regular Event"
loea,"Special Event"
loea,"Regular Event"
loea,"Regular Event"
lyjo,"Regular Event"
lyjo,"Regular Event"
lyjo,"Special Event"
lyjo,"Regular Event"
lyjo,"Regular Event"
lyjo,"Regular Event"
lyjo,"Regular Event"
lyjo,"Special Event"
lyjo,"Regular Event"
lyjo,"Regular Event"
mawa,"Regular Event"
mawa,"Regular Event"
mawa,"Special Event"
mawa,"Regular Event"
mawa,"Regular Event"
mawa,"Regular Event"
mawa,"Regular Event"
mawa,"Special Event"
mawa,"Regular Event"
mawa,"Regular Event"
maac,"Regular Event"
maac,"Regular Event"
maac,"Special Event"
maac,"Regular Event"
maac,"Regular Event"
maac,"Regular Event"
maac,"Regular Event"
maac,"Special Event"
maac,"Regular Event"
maac,"Regular Event"
maca,"Regular Event"
maca,"Regular Event"
maca,"Special Event"
maca,"Regular Event"
maca,"Regular Event"
maca,"Regular Event"
maca,"Regular Event"
maca,"Special Event"
maca,"Regular Event"
maca,"Regular Event"
mana,"Regular Event"
mana,"Regular Event"
mana,"Special Event"
mana,"Regular Event"
mana,"Regular Event"
mana,"Regular Event"
mana,"Regular Event"
mana,"Special Event"
mana,"Regular Event"
mana,"Regular Event"
mapr,"Regular Event"
mapr,"Regular Event"
mapr,"Special Event"
mapr,"Regular Event"
mapr,"Regular Event"
mapr,"Regular Event"
mapr,"Regular Event"
mapr,"Special Event"
mapr,"Regular Event"
mapr,"Regular Event"
manz,"Regular Event"
manz,"Regular Event"
manz,"Special Event"
manz,"Regular Event"
manz,"Regular Event"
manz,"Regular Event"
manz,"Regular Event"
manz,"Special Event"
manz,"Regular Event"
manz,"Regular Event"
mabi,"Regular Event"
mabi,"Regular Event"
mabi,"Special Event"
mabi,"Regular Event"
mabi,"Regular Event"
mabi,"Regular Event"
mabi,"Regular Event"
mabi,"Special Event"
mabi,"Regular Event"
mabi,"Regular Event"
mlkm,"Regular Event"
mlkm,"Regular Event"
mlkm,"Special Event"
mlkm,"Regular Event"
mlkm,"Regular Event"
mlkm,"Regular Event"
mlkm,"Regular Event"
mlkm,"Special Event"
mlkm,"Regular Event"
mlkm,"Regular Event"
malu,"Regular Event"
malu,"Regular Event"
malu,"Special Event"
malu,"Regular Event"
malu,"Regular Event"
malu,"Regular Event"
malu,"Regular Event"
malu,"Special Event"
malu,"Regular Event"
malu,"Regular Event"
mava,"Regular Event"
mava,"Regular Event"
mava,"Special Event"
mava,"Regular Event"
mava,"Regular Event"
mava,"Regular Event"
mava,"Regular Event"
mava,"Special Event"
mava,"Regular Event"
mava,"Regular Event"
mamc,"Regular Event"
mamc,"Regular Event"
mamc,"Special Event"
mamc,"Regular Event"
mamc,"Regular Event"
mamc,"Regular Event"
mamc,"Regular Event"
mamc,"Special Event"
mamc,"Regular Event"
mamc,"Regular Event"
memy,"Regular Event"
memy,"Regular Event"
memy,"Special Event"
memy,"Regular Event"
memy,"Regular Event"
memy,"Regular Event"
memy,"Regular Event"
memy,"Special Event"
memy,"Regular Event"
memy,"Regular Event"
meve,"Regular Event"
meve,"Regular Event"
meve,"Special Event"
meve,"Regular Event"
meve,"Regular Event"
meve,"Regular Event"
meve,"Regular Event"
meve,"Special Event"
meve,"Regular Event"
meve,"Regular Event"
misp,"Regular Event"
misp,"Regular Event"
misp,"Special Event"
misp,"Regular Event"
misp,"Regular Event"
misp,"Regular Event"
misp,"Regular Event"
misp,"Special Event"
misp,"Regular Event"
misp,"Regular Event"
miin,"Regular Event"
miin,"Regular Event"
miin,"Special Event"
miin,"Regular Event"
miin,"Regular Event"
miin,"Regular Event"
miin,"Regular Event"
miin,"Special Event"
miin,"Regular Event"
miin,"Regular Event"
mima,"Regular Event"
mima,"Regular Event"
mima,"Special Event"
mima,"Regular Event"
mima,"Regular Event"
mima,"Regular Event"
mima,"Regular Event"
mima,"Special Event"
mima,"Regular Event"
mima,"Regular Event"
mimi,"Regular Event"
mimi,"Regular Event"
mimi,"Special Event"
mimi,"Regular Event"
mimi,"Regular Event"
mimi,"Regular Event"
mimi,"Regular Event"
mimi,"Special Event"
mimi,"Regular Event"
mimi,"Regular Event"
miss,"Regular Event"
miss,"Regular Event"
miss,"Special Event"
miss,"Regular Event"
miss,"Regular Event"
miss,"Regular Event"
miss,"Regular Event"
miss,"Special Event"
miss,"Regular Event"
miss,"Regular Event"
mnrr,"Regular Event"
mnrr,"Regular Event"
mnrr,"Special Event"
mnrr,"Regular Event"
mnrr,"Regular Event"
mnrr,"Regular Event"
mnrr,"Regular Event"
mnrr,"Special Event"
mnrr,"Regular Event"
mnrr,"Regular Event"
moja,"Regular Event"
moja,"Regular Event"
moja,"Special Event"
moja,"Regular Event"
moja,"Regular Event"
moja,"Regular Event"
moja,"Regular Event"
moja,"Special Event"
moja,"Regular Event"
moja,"Regular Event"
mono,"Regular Event"
mono,"Regular Event"
mono,"Special Event"
mono,"Regular Event"
mono,"Regular Event"
mono,"Regular Event"
mono,"Regular Event"
mono,"Special Event"
mono,"Regular Event"
mono,"Regular Event"
moca,"Regular Event"
moca,"Regular Event"
moca,"Special Event"
moca,"Regular Event"
moca,"Regular Event"
moca,"Regular Event"
moca,"Regular Event"
moca,"Special Event"
moca,"Regular Event"
moca,"Regular Event"
mocr,"Regular Event"
mocr,"Regular Event"
mocr,"Special Event"
mocr,"Regular Event"
mocr,"Regular Event"
mocr,"Regular Event"
mocr,"Regular Event"
mocr,"Special Event"
mocr,"Regular Event"
mocr,"Regular Event"
mopi,"Regular Event"
mopi,"Regular Event"
mopi,"Special Event"
mopi,"Regular Event"
mopi,"Regular Event"
mopi,"Regular Event"
mopi,"Regular Event"
mopi,"Special Event"
mopi,"Regular Event"
mopi,"Regular Event"
morr,"Regular Event"
morr,"Regular Event"
morr,"Special Event"
morr,"Regular Event"
morr,"Regular Event"
morr,"Regular Event"
morr,"Regular Event"
morr,"Special Event"
morr,"Regular Event"
morr,"Regular Event"
mora,"Regular Event"
mora,"Regular Event"
mora,"Special Event"
mora,"Regular Event"
mora,"Regular Event"
mora,"Regular Event"
mora,"Regular Event"
mora,"Special Event"
mora,"Regular Event"
mora,"Regular Event"
moru,"Regular Event"
moru,"Regular Event"
moru,"Special Event"
moru,"Regular Event"
moru,"Regular Event"
moru,"Regular Event"
moru,"Regular Event"
moru,"Special Event"
moru,"Regular Event"
moru,"Regular Event"
muwo,"Regular Event"
muwo,"Regular Event"
muwo,"Special Event"
muwo,"Regular Event"
muwo,"Regular Event"
muwo,"Regular Event"
muwo,"Regular Event"
muwo,"Special Event"
muwo,"Regular Event"
muwo,"Regular Event"
natc,"Regular Event"
natc,"Regular Event"
natc,"Special Event"
natc,"Regular Event"
natc,"Regular Event"
natc,"Regular Event"
natc,"Regular Event"
natc,"Special Event"
natc,"Regular Event"
natc,"Regular Event"
natt,"Regular Event"
natt,"Regular Event"
natt,"Special Event"
natt,"Regular Event"
natt,"Regular Event"
natt,"Regular Event"
natt,"Regular Event"
natt,"Special Event"
natt,"Regular Event"
natt,"Regular Event"
natr,"Regular Event"
natr,"Regular Event"
natr,"Special Event"
natr,"Regular Event"
natr,"Regular Event"
natr,"Regular Event"
natr,"Regular Event"
natr,"Special Event"
natr,"Regular Event"
natr,"Regular Event"
nace,"Regular Event"
nace,"Regular Event"
nace,"Special Event"
nace,"Regular Event"
nace,"Regular Event"
nace,"Regular Event"
nace,"Regular Event"
nace,"Special Event"
nace,"Regular Event"
nace,"Regular Event"
nama,"Regular Event"
nama,"Regular Event"
nama,"Special Event"
nama,"Regular Event"
nama,"Regular Event"
nama,"Regular Event"
nama,"Regular Event"
nama,"Special Event"
nama,"Regular Event"
nama,"Regular Event"
npsa,"Regular Event"
npsa,"Regular Event"
npsa,"Special Event"
npsa,"Regular Event"
npsa,"Regular Event"
npsa,"Regular Event"
npsa,"Regular Event"
npsa,"Special Event"
npsa,"Regular Event"
npsa,"Regular Event"
npnh,"Regular Event"
npnh,"Regular Event"
npnh,"Special Event"
npnh,"Regular Event"
npnh,"Regular Event"
npnh,"Regular Event"
npnh,"Regular Event"
npnh,"Special Event"
npnh,"Regular Event"
npnh,"Regular Event"
nabr,"Regular Event"
nabr,"Regular Event"
nabr,"Special Event"
nabr,"Regular Event"
nabr,"Regular Event"
nabr,"Regular Event"
nabr,"Regular Event"
nabr,"Special Event"
nabr,"Regular Event"
nabr,"Regular Event"
nava,"Regular Event"
nava,"Regular Event"
nava,"Special Event"
nava,"Regular Event"
nava,"Regular Event"
nava,"Regular Event"
nava,"Regular Event"
nava,"Special Event"
nava,"Regular Event"
nava,"Regular Event"
nebe,"Regular Event"
nebe,"Regular Event"
nebe,"Special Event"
nebe,"Regular Event"
nebe,"Regular Event"
nebe,"Regular Event"
nebe,"Regular Event"
nebe,"Special Event"
nebe,"Regular Event"
nebe,"Regular Event"
neen,"Regular Event"
neen,"Regular Event"
neen,"Special Event"
neen,"Regular Event"
neen,"Regular Event"
neen,"Regular Event"
neen,"Regular Event"
neen,"Special Event"
neen,"Regular Event"
neen,"Regular Event"
pine,"Regular Event"
pine,"Regular Event"
pine,"Special Event"
pine,"Regular Event"
pine,"Regular Event"
pine,"Regular Event"
pine,"Regular Event"
pine,"Special Event"
pine,"Regular Event"
pine,"Regular Event"
jazz,"Regular Event"
jazz,"Regular Event"
jazz,"Special Event"
jazz,"Regular Event"
jazz,"Regular Event"
jazz,"Regular Event"
jazz,"Regular Event"
jazz,"Special Event"
jazz,"Regular Event"
jazz,"Regular Event"
neph,"Regular Event"
neph,"Regular Event"
neph,"Special Event"
neph,"Regular Event"
neph,"Regular Event"
neph,"Regular Event"
neph,"Regular Event"
neph,"Special Event"
neph,"Regular Event"
neph,"Regular Event"
neri,"Regular Event"
neri,"Regular Event"
neri,"Special Event"
neri,"Regular Event"
neri,"Regular Event"
neri,"Regular Event"
neri,"Regular Event"
neri,"Special Event"
neri,"Regular Event"
neri,"Regular Event"
nepe,"Regular Event"
nepe,"Regular Event"
nepe,"Special Event"
nepe,"Regular Event"
nepe,"Regular Event"
nepe,"Regular Event"
nepe,"Regular Event"
nepe,"Special Event"
nepe,"Regular Event"
nepe,"Regular Event"
nico,"Regular Event"
nico,"Regular Event"
nico,"Special Event"
nico,"Regular Event"
nico,"Regular Event"
nico,"Regular Event"
nico,"Regular Event"
nico,"Special Event"
nico,"Regular Event"
nico,"Regular Event"
nisi,"Regular Event"
nisi,"Regular Event"
nisi,"Special Event"
nisi,"Regular Event"
nisi,"Regular Event"
nisi,"Regular Event"
nisi,"Regular Event"
nisi,"Special Event"
nisi,"Regular Event"
nisi,"Regular Event"
niob,"Regular Event"
niob,"Regular Event"
niob,"Special Event"
niob,"Regular Event"
niob,"Regular Event"
niob,"Regular Event"
niob,"Regular Event"
niob,"Special Event"
niob,"Regular Event"
niob,"Regular Event"
noat,"Regular Event"
noat,"Regular Event"
noat,"Special Event"
noat,"Regular Event"
noat,"Regular Event"
noat,"Regular Event"
noat,"Regular Event"
noat,"Special Event"
noat,"Regular Event"
noat,"Regular Event"
noca,"Regular Event"
noca,"Regular Event"
noca,"Special Event"
noca,"Regular Event"
noca,"Regular Event"
noca,"Regular Event"
noca,"Regular Event"
noca,"Special Event"
noca,"Regular Event"
noca,"Regular Event"
noco,"Regular Event"
noco,"Regular Event"
noco,"Special Event"
noco,"Regular Event"
noco,"Regular Event"
noco,"Regular Event"
noco,"Regular Event"
noco,"Special Event"
noco,"Regular Event"
noco,"Regular Event"
obed,"Regular Event"
obed,"Regular Event"
obed,"Special Event"
obed,"Regular Event"
obed,"Regular Event"
obed,"Regular Event"
obed,"Regular Event"
obed,"Special Event"
obed,"Regular Event"
obed,"Regular Event"
ocmu,"Regular Event"
ocmu,"Regular Event"
ocmu,"Special Event"
ocmu,"Regular Event"
ocmu,"Regular Event"
ocmu,"Regular Event"
ocmu,"Regular Event"
ocmu,"Special Event"
ocmu,"Regular Event"
ocmu,"Regular Event"
okci,"Regular Event"
okci,"Regular Event"
okci,"Special Event"
okci,"Regular Event"
okci,"Regular Event"
okci,"Regular Event"
okci,"Regular Event"
okci,"Special Event"
okci,"Regular Event"
okci,"Regular Event"
olsp,"Regular Event"
olsp,"Regular Event"
olsp,"Special Event"
olsp,"Regular Event"
olsp,"Regular Event"
olsp,"Regular Event"
olsp,"Regular Event"
olsp,"Special Event"
olsp,"Regular Event"
olsp,"Regular Event"
olym,"Regular Event"
olym,"Regular Event"
olym,"Special Event"
olym,"Regular Event"
olym,"Regular Event"
olym,"Regular Event"
olym,"Regular Event"
olym,"Special Event"
olym,"Regular Event"
olym,"Regular Event"
orca,"Regular Event"
orca,"Regular Event"
orca,"Special Event"
orca,"Regular Event"
orca,"Regular Event"
orca,"Regular Event"
orca,"Regular Event"
orca,"Special Event"
orca,"Regular Event"
orca,"Regular Event"
oreg,"Regular Event"
oreg,"Regular Event"
oreg,"Special Event"
oreg,"Regular Event"
oreg,"Regular Event"
oreg,"Regular Event"
oreg,"Regular Event"
oreg,"Special Event"
oreg,"Regular Event"
oreg,"Regular Event"
orpi,"Regular Event"
orpi,"Regular Event"
orpi,"Special Event"
orpi,"Regular Event"
orpi,"Regular Event"
orpi,"Regular Event"
orpi,"Regular Event"
orpi,"Special Event"
orpi,"Regular Event"
orpi,"Regular Event"
ovvi,"Regular Event"
ovvi,"Regular Event"
ovvi,"Special Event"
ovvi,"Regular Event"
ovvi,"Regular Event"
ovvi,"Regular Event"
ovvi,"Regular Event"
ovvi,"Special Event"
ovvi,"Regular Event"
ovvi,"Regular Event"
oxhi,"Regular Event"
oxhi,"Regular Event"
oxhi,"Special Event"
oxhi,"Regular Event"
oxhi,"Regular Event"
oxhi,"Regular Event"
oxhi,"Regular Event"
oxhi,"Special Event"
oxhi,"Regular Event"
oxhi,"Regular Event"
ozar,"Regular Event"
ozar,"Regular Event"
ozar,"Special Event"
ozar,"Regular Event"
ozar,"Regular Event"
ozar,"Regular Event"
ozar,"Regular Event"
ozar,"Special Event"
ozar,"Regular Event"
ozar,"Regular Event"
pais,"Regular Event"
pais,"Regular Event"
pais,"Special Event"
pais,"Regular Event"
pais,"Regular Event"
pais,"Regular Event"
pais,"Regular Event"
pais,"Special Event"
pais,"Regular Event"
pais,"Regular Event"
paal,"Regular Event"
paal,"Regular Event"
paal,"Special Event"
paal,"Regular Event"
paal,"Regular Event"
paal,"Regular Event"
paal,"Regular Event"
paal,"Special Event"
paal,"Regular Event"
paal,"Regular Event"
pagr,"Regular Event"
pagr,"Regular Event"
pagr,"Special Event"
pagr,"Regular Event"
pagr,"Regular Event"
pagr,"Regular Event"
pagr,"Regular Event"
pagr,"Special Event"
pagr,"Regular Event"
pagr,"Regular Event"
peri,"Regular Event"
peri,"Regular Event"
peri,"Special Event"
peri,"Regular Event"
peri,"Regular Event"
peri,"Regular Event"
peri,"Regular Event"
peri,"Special Event"
peri,"Regular Event"
peri,"Regular Event"
valr,"Regular Event"
valr,"Regular Event"
valr,"Special Event"
valr,"Regular Event"
valr,"Regular Event"
valr,"Regular Event"
valr,"Regular Event"
valr,"Special Event"
valr,"Regular Event"
valr,"Regular Event"
peco,"Regular Event"
peco,"Regular Event"
peco,"Special Event"
peco,"Regular Event"
peco,"Regular Event"
peco,"Regular Event"
peco,"Regular Event"
peco,"Special Event"
peco,"Regular Event"
peco,"Regular Event"
paav,"Regular Event"
paav,"Regular Event"
paav,"Special Event"
paav,"Regular Event"
paav,"Regular Event"
paav,"Regular Event"
paav,"Regular Event"
paav,"Special Event"
paav,"Regular Event"
paav,"Regular Event"
pevi,"Regular Event"
pevi,"Regular Event"
pevi,"Special Event"
pevi,"Regular Event"
pevi,"Regular Event"
pevi,"Regular Event"
pevi,"Regular Event"
pevi,"Special Event"
pevi,"Regular Event"
pevi,"Regular Event"
pete,"Regular Event"
pete,"Regular Event"
pete,"Special Event"
pete,"Regular Event"
pete,"Regular Event"
pete,"Regular Event"
pete,"Regular Event"
pete,"Special Event"
pete,"Regular Event"
pete,"Regular Event"
pefo,"Regular Event"
pefo,"Regular Event"
pefo,"Special Event"
pefo,"Regular Event"
pefo,"Regular Event"
pefo,"Regular Event"
pefo,"Regular Event"
pefo,"Special Event"
pefo,"Regular Event"
pefo,"Regular Event"
petr,"Regular Event"
petr,"Regular Event"
petr,"Special Event"
petr,"Regular Event"
petr,"Regular Event"
petr,"Regular Event"
petr,"Regular Event"
petr,"Special Event"
petr,"Regular Event"
petr,"Regular Event"
piro,"Regular Event"
piro,"Regular Event"
piro,"Special Event"
piro,"Regular Event"
piro,"Regular Event"
piro,"Regular Event"
piro,"Regular Event"
piro,"Special Event"
piro,"Regular Event"
piro,"Regular Event"
pinn,"Regular Event"
pinn,"Regular Event"
pinn,"Special Event"
pinn,"Regular Event"
pinn,"Regular Event"
pinn,"Regular Event"
pinn,"Regular Event"
pinn,"Special Event"
pinn,"Regular Event"
pinn,"Regular Event"
pisp,"Regular Event"
pisp,"Regular Event"
pisp,"Special Event"
pisp,"Regular Event"
pisp,"Regular Event"
pisp,"Regular Event"
pisp,"Regular Event"
pisp,"Special Event"
pisp,"Regular Event"
pisp,"Regular Event"
pipe,"Regular Event"
pipe,"Regular Event"
pipe,"Special Event"
pipe,"Regular Event"
pipe,"Regular Event"
pipe,"Regular Event"
pipe,"Regular Event"
pipe,"Special Event"
pipe,"Regular Event"
pipe,"Regular Event"
pisc,"Regular Event"
pisc,"Regular Event"
pisc,"Special Event"
pisc,"Regular Event"
pisc,"Regular Event"
pisc,"Regular Event"
pisc,"Regular Event"
pisc,"Special Event"
pisc,"Regular Event"
pisc,"Regular Event"
pore,"Regular Event"
pore,"Regular Event"
pore,"Special Event"
pore,"Regular Event"
pore,"Regular Event"
pore,"Regular Event"
pore,"Regular Event"
pore,"Special Event"
pore,"Regular Event"
pore,"Regular Event"
poex,"Regular Event"
poex,"Regular Event"
poex,"Special Event"
poex,"Regular Event"
poex,"Regular Event"
poex,"Regular Event"
poex,"Regular Event"
poex,"Special Event"
poex,"Regular Event"
poex,"Regular Event"
poch,"Regular Event"
poch,"Regular Event"
poch,"Special Event"
poch,"Regular Event"
poch,"Regular Event"
poch,"Regular Event"
poch,"Regular Event"
poch,"Special Event"
poch,"Regular Event"
poch,"Regular Event"
pohe,"Regular Event"
pohe,"Regular Event"
pohe,"Special Event"
pohe,"Regular Event"
pohe,"Regular Event"
pohe,"Regular Event"
pohe,"Regular Event"
pohe,"Special Event"
pohe,"Regular Event"
pohe,"Regular Event"
popo,"Regular Event"
popo,"Regular Event"
popo,"Special Event"
popo,"Regular Event"
popo,"Regular Event"
popo,"Regular Event"
popo,"Regular Event"
popo,"Special Event"
popo,"Regular Event"
popo,"Regular Event"
wicl,"Regular Event"
wicl,"Regular Event"
wicl,"Special Event"
wicl,"Regular Event"
wicl,"Regular Event"
wicl,"Regular Event"
wicl,"Regular Event"
wicl,"Special Event"
wicl,"Regular Event"
wicl,"Regular Event"
prsf,"Regular Event"
prsf,"Regular Event"
prsf,"Special Event"
prsf,"Regular Event"
prsf,"Regular Event"
prsf,"Regular Event"
prsf,"Regular Event"
prsf,"Special Event"
prsf,"Regular Event"
prsf,"Regular Event"
prwi,"Regular Event"
prwi,"Regular Event"
prwi,"Special Event"
prwi,"Regular Event"
prwi,"Regular Event"
prwi,"Regular Event"
prwi,"Regular Event"
prwi,"Special Event"
prwi,"Regular Event"
prwi,"Regular Event"
pull,"Regular Event"
pull,"Regular Event"
pull,"Special Event"
pull,"Regular Event"
pull,"Regular Event"
pull,"Regular Event"
pull,"Regular Event"
pull,"Special Event"
pull,"Regular Event"
pull,"Regular Event"
puho,"Regular Event"
puho,"Regular Event"
puho,"Special Event"
puho,"Regular Event"
puho,"Regular Event"
puho,"Regular Event"
puho,"Regular Event"
puho,"Special Event"
puho,"Regular Event"
puho,"Regular Event"
puhe,"Regular Event"
puhe,"Regular Event"
puhe,"Special Event"
puhe,"Regular Event"
puhe,"Regular Event"
puhe,"Regular Event"
puhe,"Regular Event"
puhe,"Special Event"
puhe,"Regular Event"
puhe,"Regular Event"
rabr,"Regular Event"
rabr,"Regular Event"
rabr,"Special Event"
rabr,"Regular Event"
rabr,"Regular Event"
rabr,"Regular Event"
rabr,"Regular Event"
rabr,"Special Event"
rabr,"Regular Event"
rabr,"Regular Event"
reer,"Regular Event"
reer,"Regular Event"
reer,"Special Event"
reer,"Regular Event"
reer,"Regular Event"
reer,"Regular Event"
reer,"Regular Event"
reer,"Special Event"
reer,"Regular Event"
reer,"Regular Event"
redw,"Regular Event"
redw,"Regular Event"
redw,"Special Event"
redw,"Regular Event"
redw,"Regular Event"
redw,"Regular Event"
redw,"Regular Event"
redw,"Special Event"
redw,"Regular Event"
redw,"Regular Event"
rich,"Regular Event"
rich,"Regular Event"
rich,"Special Event"
rich,"Regular Event"
rich,"Regular Event"
rich,"Regular Event"
rich,"Regular Event"
rich,"Special Event"
rich,"Regular Event"
rich,"Regular Event"
rigr,"Regular Event"
rigr,"Regular Event"
rigr,"Special Event"
rigr,"Regular Event"
rigr,"Regular Event"
rigr,"Regular Event"
rigr,"Regular Event"
rigr,"Special Event"
rigr,"Regular Event"
rigr,"Regular Event"
rira,"Regular Event"
rira,"Regular Event"
rira,"Special Event"
rira,"Regular Event"
rira,"Regular Event"
rira,"Regular Event"
rira,"Regular Event"
rira,"Special Event"
rira,"Regular Event"
rira,"Regular Event"
rocr,"Regular Event"
rocr,"Regular Event"
rocr,"Special Event"
rocr,"Regular Event"
rocr,"Regular Event"
rocr,"Regular Event"
rocr,"Regular Event"
rocr,"Special Event"
rocr,"Regular Event"
rocr,"Regular Event"
romo,"Regular Event"
romo,"Regular Event"
romo,"Special Event"
romo,"Regular Event"
romo,"Regular Event"
romo,"Regular Event"
romo,"Regular Event"
romo,"Special Event"
romo,"Regular Event"
romo,"Regular Event"
rowi,"Regular Event"
rowi,"Regular Event"
rowi,"Special Event"
rowi,"Regular Event"
rowi,"Regular Event"
rowi,"Regular Event"
rowi,"Regular Event"
rowi,"Special Event"
rowi,"Regular Event"
rowi,"Regular Event"
roca,"Regular Event"
roca,"Regular Event"
roca,"Special Event"
roca,"Regular Event"
roca,"Regular Event"
roca,"Regular Event"
roca,"Regular Event"
roca,"Special Event"
roca,"Regular Event"
roca,"Regular Event"
rori,"Regular Event"
rori,"Regular Event"
rori,"Special Event"
rori,"Regular Event"
rori,"Regular Event"
rori,"Regular Event"
rori,"Regular Event"
rori,"Special Event"
rori,"Regular Event"
rori,"Regular Event"
ruca,"Regular Event"
ruca,"Regular Event"
ruca,"Special Event"
ruca,"Regular Event"
ruca,"Regular Event"
ruca,"Regular Event"
ruca,"Regular Event"
ruca,"Special Event"
ruca,"Regular Event"
ruca,"Regular Event"
sahi,"Regular Event"
sahi,"Regular Event"
sahi,"Special Event"
sahi,"Regular Event"
sahi,"Regular Event"
sahi,"Regular Event"
sahi,"Regular Event"
sahi,"Special Event"
sahi,"Regular Event"
sahi,"Regular Event"
sagu,"Regular Event"
sagu,"Regular Event"
sagu,"Special Event"
sagu,"Regular Event"
sagu,"Regular Event"
sagu,"Regular Event"
sagu,"Regular Event"
sagu,"Special Event"
sagu,"Regular Event"
sagu,"Regular Event"
sacr,"Regular Event"
sacr,"Regular Event"
sacr,"Special Event"
sacr,"Regular Event"
sacr,"Regular Event"
sacr,"Regular Event"
sacr,"Regular Event"
sacr,"Special Event"
sacr,"Regular Event"
sacr,"Regular Event"
sacn,"Regular Event"
sacn,"Regular Event"
sacn,"Special Event"
sacn,"Regular Event"
sacn,"Regular Event"
sacn,"Regular Event"
sacn,"Regular Event"
sacn,"Special Event"
sacn,"Regular Event"
sacn,"Regular Event"
sapa,"Regular Event"
sapa,"Regular Event"
sapa,"Special Event"
sapa,"Regular Event"
sapa,"Regular Event"
sapa,"Regular Event"
sapa,"Regular Event"
sapa,"Special Event"
sapa,"Regular Event"
sapa,"Regular Event"
saga,"Regular Event"
saga,"Regular Event"
saga,"Special Event"
saga,"Regular Event"
saga,"Regular Event"
saga,"Regular Event"
saga,"Regular Event"
saga,"Special Event"
saga,"Regular Event"
saga,"Regular Event"
sama,"Regular Event"
sama,"Regular Event"
sama,"Special Event"
sama,"Regular Event"
sama,"Regular Event"
sama,"Regular Event"
sama,"Regular Event"
sama,"Special Event"
sama,"Regular Event"
sama,"Regular Event"
sapu,"Regular Event"
sapu,"Regular Event"
sapu,"Special Event"
sapu,"Regular Event"
sapu,"Regular Event"
sapu,"Regular Event"
sapu,"Regular Event"
sapu,"Special Event"
sapu,"Regular Event"
sapu,"Regular Event"
sari,"Regular Event"
sari,"Regular Event"
sari,"Special Event"
sari,"Regular Event"
sari,"Regular Event"
sari,"Regular Event"
sari,"Regular Event"
sari,"Special Event"
sari,"Regular Event"
sari,"Regular Event"
saan,"Regular Event"
saan,"Regular Event"
saan,"Special Event"
saan,"Regular Event"
saan,"Regular Event"
saan,"Regular Event"
saan,"Regular Event"
saan,"Special Event"
saan,"Regular Event"
saan,"Regular Event"
safr,"Regular Event"
safr,"Regular Event"
safr,"Special Event"
safr,"Regular Event"
safr,"Regular Event"
safr,"Regular Event"
safr,"Regular Event"
safr,"Special Event"
safr,"Regular Event"
safr,"Regular Event"
sajh,"Regular Event"
sajh,"Regular Event"
sajh,"Special Event"
sajh,"Regular Event"
sajh,"Regular Event"
sajh,"Regular Event"
sajh,"Regular Event"
sajh,"Special Event"
sajh,"Regular Event"
sajh,"Regular Event"
saju,"Regular Event"
saju,"Regular Event"
saju,"Special Event"
saju,"Regular Event"
saju,"Regular Event"
saju,"Regular Event"
saju,"Regular Event"
saju,"Special Event"
saju,"Regular Event"
saju,"Regular Event"
sand,"Regular Event"
sand,"Regular Event"
sand,"Special Event"
sand,"Regular Event"
sand,"Regular Event"
sand,"Regular Event"
sand,"Regular Event"
sand,"Special Event"
sand,"Regular Event"
sand,"Regular Event"
safe,"Regular Event"
safe,"Regular Event"
safe,"Special Event"
safe,"Regular Event"
safe,"Regular Event"
safe,"Regular Event"
safe,"Regular Event"
safe,"Special Event"
safe,"Regular Event"
safe,"Regular Event"
samo,"Regular Event"
samo,"Regular Event"
samo,"Special Event"
samo,"Regular Event"
samo,"Regular Event"
samo,"Regular Event"
samo,"Regular Event"
samo,"Special Event"
samo,"Regular Event"
samo,"Regular Event"
sara,"Regular Event"
sara,"Regular Event"
sara,"Special Event"
sara,"Regular Event"
sara,"Regular Event"
sara,"Regular Event"
sara,"Regular Event"
sara,"Special Event"
sara,"Regular Event"
sara,"Regular Event"
sair,"Regular Event"
sair,"Regular Event"
sair,"Special Event"
sair,"Regular Event"
sair,"Regular Event"
sair,"Regular Event"
sair,"Regular Event"
sair,"Special Event"
sair,"Regular Event"
sair,"Regular Event"
scbl,"Regular Event"
scbl,"Regular Event"
scbl,"Special Event"
scbl,"Regular Event"
scbl,"Regular Event"
scbl,"Regular Event"
scbl,"Regular Event"
scbl,"Special Event"
scbl,"Regular Event"
scbl,"Regular Event"
semo,"Regular Event"
semo,"Regular Event"
semo,"Special Event"
semo,"Regular Event"
semo,"Regular Event"
semo,"Regular Event"
semo,"Regular Event"
semo,"Special Event"
semo,"Regular Event"
semo,"Regular Event"
seki,"Regular Event"
seki,"Regular Event"
seki,"Special Event"
seki,"Regular Event"
seki,"Regular Event"
seki,"Regular Event"
seki,"Regular Event"
seki,"Special Event"
seki,"Regular Event"
seki,"Regular Event"
shen,"Regular Event"
shen,"Regular Event"
shen,"Special Event"
shen,"Regular Event"
shen,"Regular Event"
shen,"Regular Event"
shen,"Regular Event"
shen,"Special Event"
shen,"Regular Event"
shen,"Regular Event"
shil,"Regular Event"
shil,"Regular Event"
shil,"Special Event"
shil,"Regular Event"
shil,"Regular Event"
shil,"Regular Event"
shil,"Regular Event"
shil,"Special Event"
shil,"Regular Event"
shil,"Regular Event"
sitk,"Regular Event"
sitk,"Regular Event"
sitk,"Special Event"
sitk,"Regular Event"
sitk,"Regular Event"
sitk,"Regular Event"
sitk,"Regular Event"
sitk,"Special Event"
sitk,"Regular Event"
sitk,"Regular Event"
slbe,"Regular Event"
slbe,"Regular Event"
slbe,"Special Event"
slbe,"Regular Event"
slbe,"Regular Event"
slbe,"Regular Event"
slbe,"Regular Event"
slbe,"Special Event"
slbe,"Regular Event"
slbe,"Regular Event"
spar,"Regular Event"
spar,"Regular Event"
spar,"Special Event"
spar,"Regular Event"
spar,"Regular Event"
spar,"Regular Event"
spar,"Regular Event"
spar,"Special Event"
spar,"Regular Event"
spar,"Regular Event"
stsp,"Regular Event"
stsp,"Regular Event"
stsp,"Special Event"
stsp,"Regular Event"
stsp,"Regular Event"
stsp,"Regular Event"
stsp,"Regular Event"
stsp,"Special Event"
stsp,"Regular Event"
stsp,"Regular Event"
stli,"Regular Event"
stli,"Regular Event"
stli,"Special Event"
stli,"Regular Event"
stli,"Regular Event"
stli,"Regular Event"
stli,"Regular Event"
stli,"Special Event"
stli,"Regular Event"
stli,"Regular Event"
stge,"Regular Event"
stge,"Regular Event"
stge,"Special Event"
stge,"Regular Event"
stge,"Regular Event"
stge,"Regular Event"
stge,"Regular Event"
stge,"Special Event"
stge,"Regular Event"
stge,"Regular Event"
stea,"Regular Event"
stea,"Regular Event"
stea,"Special Event"
stea,"Regular Event"
stea,"Regular Event"
stea,"Regular Event"
stea,"Regular Event"
stea,"Special Event"
stea,"Regular Event"
stea,"Regular Event"
stri,"Regular Event"
stri,"Regular Event"
stri,"Special Event"
stri,"Regular Event"
stri,"Regular Event"
stri,"Regular Event"
stri,"Regular Event"
stri,"Special Event"
stri,"Regular Event"
stri,"Regular Event"
ston,"Regular Event"
ston,"Regular Event"
ston,"Special Event"
ston,"Regular Event"
ston,"Regular Event"
ston,"Regular Event"
ston,"Regular Event"
ston,"Special Event"
ston,"Regular Event"
ston,"Regular Event"
sucr,"Regular Event"
sucr,"Regular Event"
sucr,"Special Event"
sucr,"Regular Event"
sucr,"Regular Event"
sucr,"Regular Event"
sucr,"Regular Event"
sucr,"Special Event"
sucr,"Regular Event"
sucr,"Regular Event"
tapr,"Regular Event"
tapr,"Regular Event"
tapr,"Special Event"
tapr,"Regular Event"
tapr,"Regular Event"
tapr,"Regular Event"
tapr,"Regular Event"
tapr,"Special Event"
tapr,"Regular Event"
tapr,"Regular Event"
thko,"Regular Event"
thko,"Regular Event"
thko,"Special Event"
thko,"Regular Event"
thko,"Regular Event"
thko,"Regular Event"
thko,"Regular Event"
thko,"Special Event"
thko,"Regular Event"
thko,"Regular Event"
whho,"Regular Event"
whho,"Regular Event"
whho,"Special Event"
whho,"Regular Event"
whho,"Regular Event"
whho,"Regular Event"
whho,"Regular Event"
whho,"Special Event"
whho,"Regular Event"
whho,"Regular Event"
thrb,"Regular Event"
thrb,"Regular Event"
thrb,"Special Event"
thrb,"Regular Event"
thrb,"Regular Event"
thrb,"Regular Event"
thrb,"Regular Event"
thrb,"Special Event"
thrb,"Regular Event"
thrb,"Regular Event"
thri,"Regular Event"
thri,"Regular Event"
thri,"Special Event"
thri,"Regular Event"
thri,"Regular Event"
thri,"Regular Event"
thri,"Regular Event"
thri,"Special Event"
thri,"Regular Event"
thri,"Regular Event"
this,"Regular Event"
this,"Regular Event"
this,"Special Event"
this,"Regular Event"
this,"Regular Event"
this,"Regular Event"
this,"Regular Event"
this,"Special Event"
this,"Regular Event"
this,"Regular Event"
thro,"Regular Event"
thro,"Regular Event"
thro,"Special Event"
thro,"Regular Event"
thro,"Regular Event"
thro,"Regular Event"
thro,"Regular Event"
thro,"Special Event"
thro,"Regular Event"
thro,"Regular Event"
thco,"Regular Event"
thco,"Regular Event"
thco,"Special Event"
thco,"Regular Event"
thco,"Regular Event"
thco,"Regular Event"
thco,"Regular Event"
thco,"Special Event"
thco,"Regular Event"
thco,"Regular Event"
edis,"Regular Event"
edis,"Regular Event"
edis,"Special Event"
edis,"Regular Event"
edis,"Regular Event"
edis,"Regular Event"
edis,"Regular Event"
edis,"Special Event"
edis,"Regular Event"
edis,"Regular Event"
thje,"Regular Event"
thje,"Regular Event"
thje,"Special Event"
thje,"Regular Event"
thje,"Regular Event"
thje,"Regular Event"
thje,"Regular Event"
thje,"Special Event"
thje,"Regular Event"
thje,"Regular Event"
thst,"Regular Event"
thst,"Regular Event"
thst,"Special Event"
thst,"Regular Event"
thst,"Regular Event"
thst,"Regular Event"
thst,"Regular Event"
thst,"Special Event"
thst,"Regular Event"
thst,"Regular Event"
tica,"Regular Event"
tica,"Regular Event"
tica,"Special Event"
tica,"Regular Event"
tica,"Regular Event"
tica,"Regular Event"
tica,"Regular Event"
tica,"Special Event"
tica,"Regular Event"
tica,"Regular Event"
timu,"Regular Event"
timu,"Regular Event"
timu,"Special Event"
timu,"Regular Event"
timu,"Regular Event"
timu,"Regular Event"
timu,"Regular Event"
timu,"Special Event"
timu,"Regular Event"
timu,"Regular Event"
tont,"Regular Event"
tont,"Regular Event"
tont,"Special Event"
tont,"Regular Event"
tont,"Regular Event"
tont,"Regular Event"
tont,"Regular Event"
tont,"Special Event"
tont,"Regular Event"
tont,"Regular Event"
tosy,"Regular Event"
tosy,"Regular Event"
tosy,"Special Event"
tosy,"Regular Event"
tosy,"Regular Event"
tosy,"Regular Event"
tosy,"Regular Event"
tosy,"Special Event"
tosy,"Regular Event"
tosy,"Regular Event"
trte,"Regular Event"
trte,"Regular Event"
trte,"Special Event"
trte,"Regular Event"
trte,"Regular Event"
trte,"Regular Event"
trte,"Regular Event"
trte,"Special Event"
trte,"Regular Event"
trte,"Regular Event"
tule,"Regular Event"
tule,"Regular Event"
tule,"Special Event"
tule,"Regular Event"
tule,"Regular Event"
tule,"Regular Event"
tule,"Regular Event"
tule,"Special Event"
tule,"Regular Event"
tule,"Regular Event"
tusk,"Regular Event"
tusk,"Regular Event"
tusk,"Special Event"
tusk,"Regular Event"
tusk,"Regular Event"
tusk,"Regular Event"
tusk,"Regular Event"
tusk,"Special Event"
tusk,"Regular Event"
tusk,"Regular Event"
tuma,"Regular Event"
tuma,"Regular Event"
tuma,"Special Event"
tuma,"Regular Event"
tuma,"Regular Event"
tuma,"Regular Event"
tuma,"Regular Event"
tuma,"Special Event"
tuma,"Regular Event"
tuma,"Regular Event"
tupe,"Regular Event"
tupe,"Regular Event"
tupe,"Special Event"
tupe,"Regular Event"
tupe,"Regular Event"
tupe,"Regular Event"
tupe,"Regular Event"
tupe,"Special Event"
tupe,"Regular Event"
tupe,"Regular Event"
tuai,"Regular Event"
tuai,"Regular Event"
tuai,"Special Event"
tuai,"Regular Event"
tuai,"Regular Event"
tuai,"Regular Event"
tuai,"Regular Event"
tuai,"Special Event"
tuai,"Regular Event"
tuai,"Regular Event"
tuin,"Regular Event"
tuin,"Regular Event"
tuin,"Special Event"
tuin,"Regular Event"
tuin,"Regular Event"
tuin,"Regular Event"
tuin,"Regular Event"
tuin,"Special Event"
tuin,"Regular Event"
tuin,"Regular Event"
tuzi,"Regular Event"
tuzi,"Regular Event"
tuzi,"Special Event"
tuzi,"Regular Event"
tuzi,"Regular Event"
tuzi,"Regular Event"
tuzi,"Regular Event"
tuzi,"Special Event"
tuzi,"Regular Event"
tuzi,"Regular Event"
ulsg,"Regular Event"
ulsg,"Regular Event"
ulsg,"Special Event"
ulsg,"Regular Event"
ulsg,"Regular Event"
ulsg,"Regular Event"
ulsg,"Regular Event"
ulsg,"Special Event"
ulsg,"Regular Event"
ulsg,"Regular Event"
upde,"Regular Event"
upde,"Regular Event"
upde,"Special Event"
upde,"Regular Event"
upde,"Regular Event"
upde,"Regular Event"
upde,"Regular Event"
upde,"Special Event"
upde,"Regular Event"
upde,"Regular Event"
vall,"Regular Event"
vall,"Regular Event"
vall,"Special Event"
vall,"Regular Event"
vall,"Regular Event"
vall,"Regular Event"
vall,"Regular Event"
vall,"Special Event"
vall,"Regular Event"
vall,"Regular Event"
vafo,"Regular Event"
vafo,"Regular Event"
vafo,"Special Event"
vafo,"Regular Event"
vafo,"Regular Event"
vafo,"Regular Event"
vafo,"Regular Event"
vafo,"Special Event"
vafo,"Regular Event"
vafo,"Regular Event"
vama,"Regular Event"
vama,"Regular Event"
vama,"Special Event"
vama,"Regular Event"
vama,"Regular Event"
vama,"Regular Event"
vama,"Regular Event"
vama,"Special Event"
vama,"Regular Event"
vama,"Regular Event"
vick,"Regular Event"
vick,"Regular Event"
vick,"Special Event"
vick,"Regular Event"
vick,"Regular Event"
vick,"Regular Event"
vick,"Regular Event"
vick,"Special Event"
vick,"Regular Event"
vick,"Regular Event"
vive,"Regular Event"
vive,"Regular Event"
vive,"Special Event"
vive,"Regular Event"
vive,"Regular Event"
vive,"Regular Event"
vive,"Regular Event"
vive,"Special Event"
vive,"Regular Event"
vive,"Regular Event"
vicr,"Regular Event"
vicr,"Regular Event"
vicr,"Special Event"
vicr,"Regular Event"
vicr,"Regular Event"
vicr,"Regular Event"
vicr,"Regular Event"
vicr,"Special Event"
vicr,"Regular Event"
vicr,"Regular Event"
viis,"Regular Event"
viis,"Regular Event"
viis,"Special Event"
viis,"Regular Event"
viis,"Regular Event"
viis,"Regular Event"
viis,"Regular Event"
viis,"Special Event"
viis,"Regular Event"
viis,"Regular Event"
voya,"Regular Event"
voya,"Regular Event"
voya,"Special Event"
voya,"Regular Event"
voya,"Regular Event"
voya,"Regular Event"
voya,"Regular Event"
voya,"Special Event"
voya,"Regular Event"
voya,"Regular Event"
waco,"Regular Event"
waco,"Regular Event"
waco,"Special Event"
waco,"Regular Event"
waco,"Regular Event"
waco,"Regular Event"
waco,"Regular Event"
waco,"Special Event"
waco,"Regular Event"
waco,"Regular Event"
waca,"Regular Event"
waca,"Regular Event"
waca,"Special Event"
waca,"Regular Event"
waca,"Regular Event"
waca,"Regular Event"
waca,"Regular Event"
waca,"Special Event"
waca,"Regular Event"
waca,"Regular Event"
wapa,"Regular Event"
wapa,"Regular Event"
wapa,"Special Event"
wapa,"Regular Event"
wapa,"Regular Event"
wapa,"Regular Event"
wapa,"Regular Event"
wapa,"Special Event"
wapa,"Regular Event"
wapa,"Regular Event"
wamo,"Regular Event"
wamo,"Regular Event"
wamo,"Special Event"
wamo,"Regular Event"
wamo,"Regular Event"
wamo,"Regular Event"
wamo,"Regular Event"
wamo,"Special Event"
wamo,"Regular Event"
wamo,"Regular Event"
waro,"Regular Event"
waro,"Regular Event"
waro,"Special Event"
waro,"Regular Event"
waro,"Regular Event"
waro,"Regular Event"
waro,"Regular Event"
waro,"Special Event"
waro,"Regular Event"
waro,"Regular Event"
waba,"Regular Event"
waba,"Regular Event"
waba,"Special Event"
waba,"Regular Event"
waba,"Regular Event"
waba,"Regular Event"
waba,"Regular Event"
waba,"Special Event"
waba,"Regular Event"
waba,"Regular Event"
